,seed,hidden_channels,mu,train_acc,val_acc,test_acc,icd0,icd3
0,0,1,0.0,0.4429,0.342,0.335,tensor(0.5699),0.36496565
1,0,1,0.1,0.4429,0.344,0.343,tensor(0.5357),0.36306736
2,0,1,0.2,0.4571,0.346,0.339,tensor(0.5209),0.36145517
3,0,1,0.3,0.4857,0.352,0.341,tensor(0.4678),0.35919568
4,0,1,0.4,0.4929,0.352,0.346,tensor(0.4645),0.35962957
5,0,1,0.5,0.4714,0.342,0.346,tensor(0.4596),0.3606782
6,0,1,0.6,0.4571,0.322,0.333,tensor(0.4603),0.36136523
7,0,1,0.7,0.4286,0.294,0.323,tensor(0.4727),0.3598877
8,0,1,0.8,0.3643,0.23,0.27,tensor(0.9276),0.35223773
9,0,1,0.9,0.1643,0.062,0.068,tensor(3.6871),0.6904678
10,0,1,1.0,0.1429,0.072,0.091,tensor(1.4705),0.78930914
11,0,1,1.1,0.1429,0.122,0.13,tensor(1.8502),0.81834835
12,0,1,1.2,0.1429,0.122,0.13,tensor(1.7735),0.8372172
13,0,1,1.4,0.1429,0.122,0.13,tensor(1.7711),0.8833699
14,0,1,1.5,0.1429,0.122,0.13,tensor(1.6586),0.89263535
15,0,1,1.6,0.1429,0.122,0.13,tensor(1.5327),0.91174465
16,0,1,1.7,0.1429,0.122,0.13,tensor(1.4165),0.9257119
17,0,1,1.8,0.1429,0.122,0.13,tensor(1.3181),0.9515758
18,0,1,1.9,0.1429,0.122,0.13,tensor(1.2354),0.9835803
19,0,1,2.0,0.1429,0.122,0.13,tensor(1.1702),1.0170624
20,0,2,0.0,0.75,0.502,0.55,tensor(1.5991),0.54571146
21,0,2,0.1,0.7357,0.498,0.536,tensor(1.4982),0.54713124
22,0,2,0.2,0.6929,0.478,0.508,tensor(1.4549),0.55506486
23,0,2,0.3,0.6857,0.474,0.49,tensor(1.4213),0.568201
24,0,2,0.4,0.6786,0.464,0.459,tensor(1.3571),0.5858
25,0,2,0.5,0.6643,0.436,0.433,tensor(1.3129),0.607156
26,0,2,0.6,0.5786,0.334,0.332,tensor(1.6118),0.6398467
27,0,2,0.7,0.3857,0.21,0.199,tensor(3.0005),0.74424785
28,0,2,0.8,0.2286,0.17,0.163,tensor(4.2853),0.86185116
29,0,2,0.9,0.2,0.162,0.151,tensor(4.3091),0.9160193
30,0,2,1.0,0.1571,0.32,0.321,tensor(4.2673),0.9678345
31,0,2,1.1,0.15,0.072,0.092,tensor(3.0914),1.0464665
32,0,2,1.2,0.15,0.072,0.092,tensor(2.7903),1.074973
33,0,2,1.4,0.1429,0.072,0.091,tensor(2.3294),1.1038864
34,0,2,1.5,0.1429,0.072,0.091,tensor(2.2178),1.1103274
35,0,2,1.6,0.1429,0.072,0.091,tensor(2.0795),1.1211057
36,0,2,1.7,0.1429,0.072,0.091,tensor(1.9671),1.1266776
37,0,2,1.8,0.1429,0.072,0.091,tensor(1.8702),1.1306076
38,0,2,1.9,0.1429,0.072,0.091,tensor(1.7836),1.1349944
39,0,2,2.0,0.1429,0.072,0.091,tensor(1.7055),1.1403116
40,0,4,0.0,0.9714,0.74,0.754,tensor(2.6577),0.6676621
41,0,4,0.1,0.9643,0.736,0.755,tensor(2.6216),0.6910633
42,0,4,0.2,0.9643,0.746,0.757,tensor(2.6380),0.7171127
43,0,4,0.3,0.9643,0.75,0.763,tensor(2.6675),0.7447773
44,0,4,0.4,0.9643,0.75,0.764,tensor(2.6981),0.774814
45,0,4,0.5,0.9643,0.748,0.764,tensor(2.7365),0.8070906
46,0,4,0.6,0.9714,0.734,0.746,tensor(2.8191),0.84119064
47,0,4,0.7,0.9571,0.62,0.634,tensor(2.9638),0.88566047
48,0,4,0.8,0.7286,0.372,0.366,tensor(3.8630),0.986082
49,0,4,0.9,0.6214,0.284,0.271,tensor(4.0428),1.0170847
50,0,4,1.0,0.5714,0.268,0.234,tensor(4.0928),1.0478652
51,0,4,1.1,0.4286,0.112,0.119,tensor(3.9676),1.1391205
52,0,4,1.2,0.35,0.128,0.13,tensor(3.6931),1.2900012
53,0,4,1.4,0.3214,0.12,0.124,tensor(3.5763),1.319705
54,0,4,1.5,0.3071,0.35,0.346,tensor(4.5427),1.2454232
55,0,4,1.6,0.2786,0.338,0.335,tensor(4.2655),1.2772824
56,0,4,1.7,0.2643,0.334,0.333,tensor(3.9326),1.2954175
57,0,4,1.8,0.25,0.33,0.33,tensor(3.7379),1.3063457
58,0,4,1.9,0.25,0.326,0.33,tensor(3.4988),1.3108543
59,0,4,2.0,0.25,0.326,0.329,tensor(3.2952),1.3129158
60,0,8,0.0,0.9857,0.77,0.804,tensor(2.7585),0.7167173
61,0,8,0.1,0.9857,0.782,0.819,tensor(2.7639),0.74674284
62,0,8,0.2,0.9857,0.784,0.82,tensor(2.7856),0.780126
63,0,8,0.3,0.9786,0.792,0.824,tensor(2.8046),0.8170101
64,0,8,0.4,0.9786,0.786,0.821,tensor(2.8380),0.8561838
65,0,8,0.5,0.9714,0.782,0.817,tensor(2.8852),0.8989998
66,0,8,0.6,0.9714,0.746,0.788,tensor(2.9998),0.94265777
67,0,8,0.7,0.8857,0.574,0.587,tensor(3.5604),1.0357305
68,0,8,0.8,0.8071,0.472,0.495,tensor(3.8236),1.1102754
69,0,8,0.9,0.6429,0.282,0.27,tensor(4.2291),1.2379704
70,0,8,1.0,0.6143,0.248,0.247,tensor(4.1241),1.27092
71,0,8,1.1,0.5857,0.24,0.234,tensor(4.0029),1.2967082
72,0,8,1.2,0.5714,0.23,0.225,tensor(4.0557),1.3049735
73,0,8,1.4,0.4786,0.224,0.212,tensor(4.3063),1.3582333
74,0,8,1.5,0.4786,0.22,0.205,tensor(4.1322),1.3792658
75,0,8,1.6,0.4143,0.106,0.113,tensor(3.6482),1.4385427
76,0,8,1.7,0.3571,0.096,0.096,tensor(3.6648),1.4095742
77,0,8,1.8,0.3643,0.096,0.095,tensor(3.4429),1.4111531
78,0,8,1.9,0.3571,0.094,0.091,tensor(3.3840),1.412954
79,0,8,2.0,0.3286,0.088,0.089,tensor(3.5010),1.4102404
80,0,16,0.0,0.9929,0.794,0.803,tensor(2.5149),0.87067455
81,0,16,0.1,0.9929,0.792,0.81,tensor(2.4727),0.9412256
82,0,16,0.2,0.9929,0.792,0.819,tensor(2.4387),1.0153875
83,0,16,0.3,0.9929,0.792,0.83,tensor(2.4139),1.0898372
84,0,16,0.4,0.9857,0.792,0.835,tensor(2.3904),1.1587425
85,0,16,0.5,0.9857,0.768,0.812,tensor(2.4043),1.2299663
86,0,16,0.6,0.9857,0.768,0.789,tensor(2.4295),1.2922354
87,0,16,0.7,0.9857,0.754,0.766,tensor(2.4671),1.3533878
88,0,16,0.8,0.9786,0.728,0.735,tensor(2.6309),1.4157736
89,0,16,0.9,0.9571,0.64,0.646,tensor(3.0824),1.505779
90,0,16,1.0,0.8571,0.402,0.389,tensor(3.6511),1.6266649
91,0,16,1.1,0.8214,0.344,0.344,tensor(3.7980),1.6618518
92,0,16,1.2,0.8071,0.326,0.32,tensor(3.8063),1.6846673
93,0,16,1.4,0.7929,0.45,0.462,tensor(4.0681),1.71148
94,0,16,1.5,0.7857,0.432,0.456,tensor(4.0151),1.737888
95,0,16,1.6,0.7643,0.424,0.447,tensor(4.0305),1.7579125
96,0,16,1.7,0.7571,0.408,0.434,tensor(4.0176),1.7733108
97,0,16,1.8,0.75,0.406,0.432,tensor(4.0173),1.7891918
98,0,16,1.9,0.7429,0.402,0.421,tensor(4.0270),1.8040651
99,0,16,2.0,0.7143,0.398,0.411,tensor(4.1207),1.8136196
100,0,32,0.0,1.0,0.792,0.805,tensor(2.0555),0.9265532
101,0,32,0.1,1.0,0.794,0.813,tensor(1.9719),1.0295254
102,0,32,0.2,1.0,0.804,0.821,tensor(1.9014),1.1370759
103,0,32,0.3,1.0,0.8,0.834,tensor(1.8416),1.2355039
104,0,32,0.4,1.0,0.802,0.83,tensor(1.7993),1.3220168
105,0,32,0.5,1.0,0.796,0.828,tensor(1.7667),1.3971413
106,0,32,0.6,1.0,0.796,0.828,tensor(1.7493),1.4636917
107,0,32,0.7,0.9857,0.776,0.801,tensor(1.7714),1.5266092
108,0,32,0.8,0.9857,0.738,0.76,tensor(1.7634),1.5785376
109,0,32,0.9,0.9857,0.718,0.733,tensor(1.8098),1.6324513
110,0,32,1.0,0.9857,0.688,0.708,tensor(1.9181),1.6909784
111,0,32,1.1,0.9786,0.666,0.691,tensor(2.1335),1.7428151
112,0,32,1.2,0.95,0.434,0.418,tensor(2.7920),1.901742
113,0,32,1.4,0.9143,0.394,0.381,tensor(3.3009),1.9612097
114,0,32,1.5,0.8929,0.37,0.373,tensor(3.4720),1.9882123
115,0,32,1.6,0.8643,0.362,0.356,tensor(3.5621),2.0097637
116,0,32,1.7,0.85,0.342,0.344,tensor(3.5776),2.03369
117,0,32,1.8,0.8357,0.326,0.328,tensor(3.5984),2.0570788
118,0,32,1.9,0.8286,0.302,0.3,tensor(3.6714),2.074694
119,0,32,2.0,0.8071,0.292,0.291,tensor(3.7278),2.0859835
120,0,64,0.0,1.0,0.788,0.807,tensor(1.7919),0.98867565
121,0,64,0.1,1.0,0.796,0.816,tensor(1.6865),1.1279374
122,0,64,0.2,1.0,0.808,0.825,tensor(1.5905),1.2586855
123,0,64,0.3,1.0,0.822,0.829,tensor(1.5132),1.3702339
124,0,64,0.4,1.0,0.816,0.832,tensor(1.4485),1.4627508
125,0,64,0.5,1.0,0.812,0.838,tensor(1.4011),1.5408245
126,0,64,0.6,1.0,0.808,0.838,tensor(1.3662),1.6081303
127,0,64,0.7,1.0,0.802,0.84,tensor(1.3421),1.6666328
128,0,64,0.8,1.0,0.8,0.838,tensor(1.3268),1.7166783
129,0,64,0.9,1.0,0.796,0.836,tensor(1.3042),1.7615048
130,0,64,1.0,1.0,0.8,0.832,tensor(1.2853),1.8042758
131,0,64,1.1,1.0,0.802,0.827,tensor(1.2585),1.8381675
132,0,64,1.2,1.0,0.798,0.824,tensor(1.2958),1.8634821
133,0,64,1.4,1.0,0.688,0.717,tensor(1.3669),1.9967253
134,0,64,1.5,0.9786,0.504,0.504,tensor(2.2163),2.0783875
135,0,64,1.6,0.95,0.422,0.407,tensor(2.7016),2.1216087
136,0,64,1.7,0.95,0.416,0.403,tensor(2.7737),2.1433835
137,0,64,1.8,0.9429,0.4,0.394,tensor(2.8712),2.1625235
138,0,64,1.9,0.9429,0.392,0.392,tensor(2.9221),2.1789262
139,0,64,2.0,0.9143,0.376,0.375,tensor(3.1550),2.197521
140,0,128,0.0,1.0,0.79,0.813,tensor(1.6437),1.0229189
141,0,128,0.1,1.0,0.794,0.821,tensor(1.5336),1.183519
142,0,128,0.2,1.0,0.816,0.824,tensor(1.4441),1.3299806
143,0,128,0.3,1.0,0.816,0.83,tensor(1.3826),1.4521743
144,0,128,0.4,1.0,0.816,0.831,tensor(1.3462),1.5523077
145,0,128,0.5,1.0,0.806,0.835,tensor(1.3176),1.6390387
146,0,128,0.6,1.0,0.796,0.832,tensor(1.2891),1.7098211
147,0,128,0.7,1.0,0.794,0.835,tensor(1.2660),1.7737118
148,0,128,0.8,1.0,0.794,0.837,tensor(1.2407),1.8291274
149,0,128,0.9,1.0,0.796,0.836,tensor(1.2226),1.8770459
150,0,128,1.0,0.9929,0.798,0.839,tensor(1.1999),1.9200678
151,0,128,1.1,0.9929,0.796,0.831,tensor(1.1716),1.959036
152,0,128,1.2,0.9929,0.794,0.814,tensor(1.2021),2.0014763
153,0,128,1.4,0.9857,0.54,0.541,tensor(1.6531),2.0884926
154,0,128,1.5,0.9857,0.54,0.533,tensor(1.6456),2.1237404
155,0,128,1.6,0.9857,0.514,0.509,tensor(1.7156),2.2021036
156,0,128,1.7,0.9786,0.434,0.426,tensor(1.9809),2.223614
157,0,128,1.8,0.9786,0.418,0.42,tensor(2.0151),2.2445822
158,0,128,1.9,0.9786,0.41,0.406,tensor(2.1357),2.2564197
159,0,128,2.0,0.9786,0.41,0.4,tensor(2.2184),2.2683861
160,0,256,0.0,1.0,0.79,0.807,tensor(1.5739),1.0598513
161,0,256,0.1,1.0,0.796,0.821,tensor(1.4330),1.2390912
162,0,256,0.2,1.0,0.822,0.824,tensor(1.3257),1.3978623
163,0,256,0.3,1.0,0.822,0.827,tensor(1.2439),1.5250982
164,0,256,0.4,1.0,0.808,0.833,tensor(1.1862),1.6296841
165,0,256,0.5,1.0,0.804,0.833,tensor(1.1366),1.7182974
166,0,256,0.6,1.0,0.8,0.83,tensor(1.0972),1.7918911
167,0,256,0.7,1.0,0.792,0.826,tensor(1.0807),1.8464031
168,0,256,0.8,1.0,0.792,0.828,tensor(1.0541),1.9003928
169,0,256,0.9,0.9929,0.8,0.831,tensor(1.0150),1.9493293
170,0,256,1.0,0.9929,0.8,0.826,tensor(0.9790),1.9975898
171,0,256,1.1,0.9929,0.796,0.813,tensor(0.9907),2.0420947
172,0,256,1.2,0.9929,0.782,0.794,tensor(0.9994),2.1067126
173,0,256,1.4,0.9857,0.642,0.689,tensor(1.0765),2.176163
174,0,256,1.5,0.9857,0.604,0.653,tensor(1.0177),2.194371
175,0,256,1.6,0.9857,0.59,0.591,tensor(1.2046),2.2259638
176,0,256,1.7,0.9857,0.574,0.584,tensor(1.2097),2.2484365
177,0,256,1.8,0.9857,0.576,0.583,tensor(1.2064),2.277024
178,0,256,1.9,0.9857,0.572,0.574,tensor(1.2485),2.3198535
179,0,256,2.0,0.9714,0.578,0.576,tensor(1.2691),2.3531537
180,1,1,0.0,0.3929,0.262,0.284,tensor(0.5184),0.38505408
181,1,1,0.1,0.3929,0.254,0.284,tensor(0.4997),0.39481923
182,1,1,0.2,0.3929,0.248,0.277,tensor(0.5305),0.4073884
183,1,1,0.3,0.3929,0.242,0.258,tensor(0.5443),0.42418578
184,1,1,0.4,0.3929,0.214,0.239,tensor(0.5411),0.445033
185,1,1,0.5,0.3929,0.194,0.218,tensor(0.5346),0.4722981
186,1,1,0.6,0.3786,0.176,0.208,tensor(0.6194),0.5080389
187,1,1,0.7,0.35,0.132,0.176,tensor(0.6780),0.5542341
188,1,1,0.8,0.2357,0.076,0.105,tensor(2.3606),0.69553584
189,1,1,0.9,0.2286,0.076,0.104,tensor(2.5442),0.7175354
190,1,1,1.0,0.2071,0.122,0.141,tensor(2.7140),0.77589035
191,1,1,1.1,0.1857,0.162,0.158,tensor(3.0399),0.8138347
192,1,1,1.2,0.1429,0.316,0.319,tensor(1.8377),0.7987655
193,1,1,1.4,0.1429,0.316,0.319,tensor(1.3442),0.85245883
194,1,1,1.5,0.1429,0.316,0.319,tensor(1.2199),0.8759981
195,1,1,1.6,0.1429,0.316,0.319,tensor(1.1485),0.90236765
196,1,1,1.7,0.1429,0.316,0.319,tensor(1.0896),0.9225833
197,1,1,1.8,0.1429,0.316,0.319,tensor(1.0352),0.9378763
198,1,1,1.9,0.1429,0.316,0.319,tensor(1.0006),0.9623203
199,1,1,2.0,0.1429,0.316,0.319,tensor(0.9711),0.984342
200,1,2,0.0,0.6357,0.45,0.495,tensor(1.3541),0.5087098
201,1,2,0.1,0.6214,0.47,0.511,tensor(1.3514),0.5127587
202,1,2,0.2,0.6143,0.478,0.518,tensor(1.3728),0.52142197
203,1,2,0.3,0.6214,0.472,0.514,tensor(1.3950),0.5332009
204,1,2,0.4,0.6571,0.474,0.514,tensor(1.4326),0.5505231
205,1,2,0.5,0.6429,0.468,0.494,tensor(1.4888),0.5726964
206,1,2,0.6,0.6286,0.428,0.46,tensor(1.5105),0.6037148
207,1,2,0.7,0.6071,0.368,0.393,tensor(1.5208),0.6505146
208,1,2,0.8,0.3571,0.216,0.193,tensor(2.8032),0.79354507
209,1,2,0.9,0.3071,0.186,0.171,tensor(3.2224),0.8477377
210,1,2,1.0,0.3,0.178,0.169,tensor(3.2272),0.9190407
211,1,2,1.1,0.1429,0.074,0.091,tensor(3.0450),0.9723576
212,1,2,1.2,0.1429,0.072,0.091,tensor(2.7223),0.97928506
213,1,2,1.4,0.1429,0.072,0.091,tensor(2.3700),0.9712707
214,1,2,1.5,0.1429,0.072,0.091,tensor(2.2873),0.999442
215,1,2,1.6,0.1429,0.072,0.091,tensor(2.2376),1.0211791
216,1,2,1.7,0.1429,0.072,0.091,tensor(2.1411),1.0461013
217,1,2,1.8,0.1429,0.072,0.091,tensor(2.0320),1.0674728
218,1,2,1.9,0.1429,0.072,0.091,tensor(1.9241),1.0915
219,1,2,2.0,0.1429,0.072,0.091,tensor(1.8360),1.1059836
220,1,4,0.0,0.9643,0.744,0.754,tensor(2.7158),0.62505
221,1,4,0.1,0.9714,0.756,0.764,tensor(2.6964),0.63790363
222,1,4,0.2,0.9643,0.764,0.768,tensor(2.7095),0.65277004
223,1,4,0.3,0.9714,0.766,0.775,tensor(2.7391),0.67274916
224,1,4,0.4,0.95,0.756,0.764,tensor(2.7785),0.69973344
225,1,4,0.5,0.9429,0.752,0.759,tensor(2.8408),0.74316806
226,1,4,0.6,0.8929,0.724,0.729,tensor(2.9374),0.80967015
227,1,4,0.7,0.7571,0.594,0.58,tensor(3.3666),0.9361063
228,1,4,0.8,0.5571,0.392,0.399,tensor(3.9630),1.0747088
229,1,4,0.9,0.4714,0.352,0.366,tensor(4.0694),1.1273609
230,1,4,1.0,0.3357,0.102,0.129,tensor(4.0664),1.1617377
231,1,4,1.1,0.3286,0.102,0.103,tensor(3.8472),1.1299019
232,1,4,1.2,0.3214,0.096,0.094,tensor(3.6831),1.1516403
233,1,4,1.4,0.2929,0.088,0.082,tensor(3.4706),1.1891257
234,1,4,1.5,0.2714,0.088,0.08,tensor(3.5007),1.1990768
235,1,4,1.6,0.2571,0.08,0.075,tensor(3.4562),1.2072557
236,1,4,1.7,0.2571,0.076,0.072,tensor(3.2973),1.2132571
237,1,4,1.8,0.2143,0.074,0.071,tensor(3.6230),1.2139903
238,1,4,1.9,0.2,0.07,0.071,tensor(3.5963),1.2177886
239,1,4,2.0,0.1857,0.064,0.069,tensor(3.5031),1.2162894
240,1,8,0.0,1.0,0.796,0.809,tensor(2.8564),0.77784294
241,1,8,0.1,1.0,0.8,0.818,tensor(2.8337),0.81798595
242,1,8,0.2,1.0,0.808,0.83,tensor(2.8206),0.8658007
243,1,8,0.3,0.9929,0.812,0.836,tensor(2.8071),0.9201856
244,1,8,0.4,0.9929,0.818,0.846,tensor(2.8132),0.97930175
245,1,8,0.5,0.9857,0.8,0.83,tensor(2.8362),1.0455225
246,1,8,0.6,0.9786,0.742,0.768,tensor(2.9360),1.1309824
247,1,8,0.7,0.9571,0.668,0.677,tensor(3.2086),1.2207774
248,1,8,0.8,0.9143,0.57,0.572,tensor(3.6041),1.2948332
249,1,8,0.9,0.8714,0.5,0.517,tensor(3.8159),1.348601
250,1,8,1.0,0.8571,0.468,0.496,tensor(3.8828),1.38648
251,1,8,1.1,0.8143,0.464,0.474,tensor(4.0661),1.4236301
252,1,8,1.2,0.7857,0.444,0.466,tensor(4.1858),1.4603539
253,1,8,1.4,0.7571,0.382,0.423,tensor(3.9922),1.5420278
254,1,8,1.5,0.6786,0.306,0.365,tensor(4.3050),1.5721768
255,1,8,1.6,0.6,0.242,0.3,tensor(4.4499),1.5992
256,1,8,1.7,0.4857,0.182,0.209,tensor(4.7210),1.6270875
257,1,8,1.8,0.4714,0.162,0.19,tensor(4.4580),1.6269095
258,1,8,1.9,0.4571,0.154,0.178,tensor(4.2890),1.6364986
259,1,8,2.0,0.4214,0.154,0.176,tensor(4.3757),1.6460439
260,1,16,0.0,1.0,0.784,0.8,tensor(2.4020),0.8593215
261,1,16,0.1,1.0,0.794,0.817,tensor(2.3794),0.92260057
262,1,16,0.2,0.9929,0.802,0.822,tensor(2.3418),0.9964127
263,1,16,0.3,0.9929,0.802,0.821,tensor(2.3152),1.072582
264,1,16,0.4,0.9929,0.806,0.819,tensor(2.2881),1.145007
265,1,16,0.5,0.9929,0.806,0.821,tensor(2.2662),1.2134694
266,1,16,0.6,0.9929,0.802,0.821,tensor(2.2543),1.2771213
267,1,16,0.7,0.9929,0.724,0.768,tensor(2.1732),1.3040932
268,1,16,0.8,0.9571,0.518,0.521,tensor(2.6684),1.3905135
269,1,16,0.9,0.9286,0.466,0.463,tensor(3.0447),1.454466
270,1,16,1.0,0.8929,0.41,0.411,tensor(3.3531),1.5112635
271,1,16,1.1,0.9143,0.574,0.572,tensor(3.3494),1.7024233
272,1,16,1.2,0.9,0.528,0.531,tensor(3.4825),1.7387766
273,1,16,1.4,0.85,0.504,0.507,tensor(3.6738),1.7775066
274,1,16,1.5,0.8429,0.482,0.483,tensor(3.7368),1.7930062
275,1,16,1.6,0.8429,0.458,0.471,tensor(3.7671),1.8072551
276,1,16,1.7,0.8071,0.44,0.461,tensor(3.9257),1.8203436
277,1,16,1.8,0.7714,0.412,0.446,tensor(4.1210),1.8305646
278,1,16,1.9,0.7214,0.4,0.43,tensor(4.2743),1.840571
279,1,16,2.0,0.6857,0.396,0.421,tensor(4.3627),1.8491341
280,1,32,0.0,1.0,0.788,0.805,tensor(2.0791),0.91323376
281,1,32,0.1,1.0,0.796,0.819,tensor(2.0118),1.0163176
282,1,32,0.2,1.0,0.812,0.82,tensor(1.9561),1.121381
283,1,32,0.3,1.0,0.818,0.828,tensor(1.9121),1.220579
284,1,32,0.4,1.0,0.812,0.831,tensor(1.8747),1.3077114
285,1,32,0.5,1.0,0.808,0.834,tensor(1.8490),1.3840686
286,1,32,0.6,1.0,0.804,0.828,tensor(1.8344),1.4491894
287,1,32,0.7,1.0,0.806,0.827,tensor(1.8351),1.5091726
288,1,32,0.8,0.9786,0.764,0.765,tensor(1.9281),1.6053045
289,1,32,0.9,0.9857,0.706,0.702,tensor(2.1165),1.6925436
290,1,32,1.0,0.9857,0.72,0.72,tensor(2.3168),1.7604257
291,1,32,1.1,0.9357,0.594,0.588,tensor(3.0634),1.853269
292,1,32,1.2,0.9286,0.548,0.557,tensor(3.1724),1.8825274
293,1,32,1.4,0.8929,0.52,0.528,tensor(3.3717),1.941335
294,1,32,1.5,0.8929,0.506,0.519,tensor(3.4212),1.968724
295,1,32,1.6,0.95,0.504,0.568,tensor(2.7515),2.0123029
296,1,32,1.7,0.8214,0.224,0.277,tensor(3.8035),2.083855
297,1,32,1.8,0.8143,0.196,0.237,tensor(3.9215),2.0401354
298,1,32,1.9,0.8143,0.2,0.234,tensor(3.9225),2.035483
299,1,32,2.0,0.8143,0.194,0.226,tensor(3.9292),2.0307589
300,1,64,0.0,1.0,0.802,0.807,tensor(1.7879),0.98799187
301,1,64,0.1,1.0,0.804,0.818,tensor(1.7000),1.1254603
302,1,64,0.2,1.0,0.81,0.822,tensor(1.6051),1.2512245
303,1,64,0.3,1.0,0.818,0.824,tensor(1.5268),1.3562685
304,1,64,0.4,1.0,0.812,0.832,tensor(1.4601),1.4428631
305,1,64,0.5,1.0,0.808,0.837,tensor(1.4045),1.516303
306,1,64,0.6,1.0,0.806,0.835,tensor(1.3600),1.5800865
307,1,64,0.7,1.0,0.802,0.836,tensor(1.3237),1.6355349
308,1,64,0.8,1.0,0.798,0.837,tensor(1.2963),1.6838297
309,1,64,0.9,1.0,0.802,0.835,tensor(1.2827),1.7269781
310,1,64,1.0,1.0,0.798,0.826,tensor(1.2776),1.766122
311,1,64,1.1,1.0,0.802,0.834,tensor(1.2489),1.7993271
312,1,64,1.2,0.9929,0.76,0.778,tensor(1.8345),1.8970754
313,1,64,1.4,0.95,0.58,0.589,tensor(2.7821),2.1034997
314,1,64,1.5,0.95,0.574,0.581,tensor(2.8374),2.1234233
315,1,64,1.6,0.9429,0.574,0.572,tensor(2.9079),2.1458945
316,1,64,1.7,0.9357,0.55,0.564,tensor(2.9822),2.160948
317,1,64,1.8,0.9286,0.528,0.553,tensor(3.0553),2.17977
318,1,64,1.9,0.9214,0.524,0.545,tensor(3.0965),2.1929848
319,1,64,2.0,0.9214,0.526,0.542,tensor(3.1235),2.205091
320,1,128,0.0,1.0,0.796,0.809,tensor(1.6715),1.0331751
321,1,128,0.1,1.0,0.802,0.816,tensor(1.5574),1.1925777
322,1,128,0.2,1.0,0.812,0.82,tensor(1.4635),1.3400936
323,1,128,0.3,1.0,0.816,0.827,tensor(1.3982),1.4595484
324,1,128,0.4,1.0,0.812,0.826,tensor(1.3578),1.56018
325,1,128,0.5,1.0,0.802,0.828,tensor(1.3301),1.6468122
326,1,128,0.6,0.9929,0.8,0.831,tensor(1.2902),1.7204448
327,1,128,0.7,0.9929,0.792,0.824,tensor(1.2750),1.7839822
328,1,128,0.8,0.9929,0.796,0.828,tensor(1.2465),1.8326916
329,1,128,0.9,0.9929,0.796,0.826,tensor(1.2191),1.8795702
330,1,128,1.0,0.9929,0.798,0.827,tensor(1.1961),1.9208966
331,1,128,1.1,0.9929,0.792,0.819,tensor(1.2394),1.9683794
332,1,128,1.2,0.9929,0.806,0.827,tensor(1.2334),2.0237448
333,1,128,1.4,0.9857,0.712,0.735,tensor(1.2802),2.1076877
334,1,128,1.5,0.9786,0.69,0.721,tensor(1.3513),2.1679997
335,1,128,1.6,0.9571,0.346,0.369,tensor(2.5276),2.3238716
336,1,128,1.7,0.9571,0.336,0.368,tensor(2.5765),2.3384185
337,1,128,1.8,0.95,0.328,0.357,tensor(2.7034),2.3601584
338,1,128,1.9,0.9429,0.318,0.349,tensor(2.8840),2.3920848
339,1,128,2.0,0.9286,0.314,0.34,tensor(2.9536),2.407124
340,1,256,0.0,1.0,0.786,0.811,tensor(1.5743),1.0559946
341,1,256,0.1,1.0,0.81,0.819,tensor(1.4438),1.2381428
342,1,256,0.2,1.0,0.82,0.825,tensor(1.3193),1.3954046
343,1,256,0.3,1.0,0.822,0.829,tensor(1.2210),1.5193012
344,1,256,0.4,1.0,0.816,0.832,tensor(1.1469),1.6201707
345,1,256,0.5,1.0,0.808,0.834,tensor(1.1016),1.7037182
346,1,256,0.6,1.0,0.802,0.832,tensor(1.0739),1.7746747
347,1,256,0.7,1.0,0.806,0.832,tensor(1.0415),1.8353151
348,1,256,0.8,1.0,0.8,0.834,tensor(1.0349),1.893061
349,1,256,0.9,1.0,0.796,0.83,tensor(1.0352),1.9496744
350,1,256,1.0,1.0,0.796,0.823,tensor(1.0446),1.9988557
351,1,256,1.1,0.9929,0.8,0.809,tensor(1.0460),2.051613
352,1,256,1.2,0.9929,0.77,0.786,tensor(1.0084),2.1161907
353,1,256,1.4,0.9929,0.58,0.577,tensor(1.2277),2.1779766
354,1,256,1.5,0.9929,0.572,0.573,tensor(1.2014),2.1998105
355,1,256,1.6,0.9929,0.57,0.576,tensor(1.2586),2.2366407
356,1,256,1.7,0.9929,0.556,0.561,tensor(1.2810),2.2709236
357,1,256,1.8,0.9929,0.532,0.52,tensor(1.3766),2.3404565
358,1,256,1.9,0.9857,0.49,0.49,tensor(1.9832),2.4498749
359,1,256,2.0,0.9857,0.452,0.424,tensor(2.2574),2.5181777
360,2,1,0.0,0.2857,0.218,0.206,tensor(0.5625),0.36460114
361,2,1,0.1,0.3,0.216,0.214,tensor(0.5558),0.37771505
362,2,1,0.2,0.2929,0.226,0.22,tensor(0.5179),0.39284512
363,2,1,0.3,0.2857,0.222,0.218,tensor(0.5253),0.41061503
364,2,1,0.4,0.2857,0.214,0.212,tensor(0.4871),0.43175215
365,2,1,0.5,0.2643,0.208,0.211,tensor(0.4895),0.45723507
366,2,1,0.6,0.2643,0.206,0.216,tensor(0.5043),0.48492676
367,2,1,0.7,0.2429,0.214,0.198,tensor(0.6384),0.5193609
368,2,1,0.8,0.1857,0.162,0.15,tensor(3.2763),0.6656207
369,2,1,0.9,0.1643,0.16,0.146,tensor(3.6311),0.72739226
370,2,1,1.0,0.1643,0.124,0.132,tensor(3.5685),0.7755
371,2,1,1.1,0.1429,0.072,0.091,tensor(2.1630),0.78686714
372,2,1,1.2,0.1429,0.072,0.091,tensor(1.8169),0.81367004
373,2,1,1.4,0.1429,0.072,0.091,tensor(1.5427),0.9019881
374,2,1,1.5,0.1429,0.072,0.091,tensor(1.4131),0.93642676
375,2,1,1.6,0.1429,0.072,0.091,tensor(1.3118),0.97774136
376,2,1,1.7,0.1429,0.072,0.091,tensor(1.2315),1.0223883
377,2,1,1.8,0.1429,0.072,0.091,tensor(1.1731),1.0667433
378,2,1,1.9,0.1429,0.072,0.091,tensor(1.1313),1.1035324
379,2,1,2.0,0.1429,0.072,0.091,tensor(1.0961),1.1327643
380,2,2,0.0,0.7214,0.564,0.528,tensor(1.6619),0.5496156
381,2,2,0.1,0.7286,0.54,0.516,tensor(1.6665),0.56023806
382,2,2,0.2,0.7214,0.522,0.498,tensor(1.6564),0.57321084
383,2,2,0.3,0.7214,0.494,0.479,tensor(1.6650),0.5911675
384,2,2,0.4,0.7,0.48,0.457,tensor(1.7117),0.6128363
385,2,2,0.5,0.6857,0.444,0.438,tensor(1.7624),0.63917065
386,2,2,0.6,0.6429,0.396,0.402,tensor(1.9245),0.6806403
387,2,2,0.7,0.3714,0.188,0.203,tensor(3.0402),0.8253041
388,2,2,0.8,0.3786,0.224,0.22,tensor(3.3903),0.80381143
389,2,2,0.9,0.3214,0.2,0.191,tensor(3.6898),0.83890975
390,2,2,1.0,0.2786,0.188,0.17,tensor(3.9542),0.86154175
391,2,2,1.1,0.1714,0.316,0.324,tensor(4.1232),1.046243
392,2,2,1.2,0.1571,0.316,0.32,tensor(3.7842),1.0862526
393,2,2,1.4,0.1429,0.316,0.319,tensor(2.7392),1.1077735
394,2,2,1.5,0.1429,0.316,0.319,tensor(2.2289),1.0982883
395,2,2,1.6,0.1429,0.316,0.319,tensor(1.8772),1.0871482
396,2,2,1.7,0.1429,0.316,0.319,tensor(1.6905),1.0877659
397,2,2,1.8,0.1429,0.316,0.319,tensor(1.5726),1.0891021
398,2,2,1.9,0.1429,0.316,0.319,tensor(1.4895),1.0868162
399,2,2,2.0,0.1429,0.316,0.319,tensor(1.4368),1.0774382
400,2,4,0.0,0.9714,0.628,0.664,tensor(2.4952),0.6730545
401,2,4,0.1,0.9571,0.628,0.643,tensor(2.4563),0.69982564
402,2,4,0.2,0.9286,0.602,0.615,tensor(2.3751),0.7365159
403,2,4,0.3,0.8786,0.582,0.583,tensor(2.3251),0.7811416
404,2,4,0.4,0.8429,0.55,0.565,tensor(2.2657),0.8240202
405,2,4,0.5,0.8143,0.542,0.538,tensor(2.2492),0.86284333
406,2,4,0.6,0.8,0.514,0.496,tensor(2.3438),0.90189946
407,2,4,0.7,0.7357,0.48,0.457,tensor(2.7870),0.9456253
408,2,4,0.8,0.7214,0.41,0.377,tensor(3.0360),1.0037197
409,2,4,0.9,0.5857,0.438,0.437,tensor(3.6739),1.0968794
410,2,4,1.0,0.5,0.4,0.397,tensor(4.0588),1.1420573
411,2,4,1.1,0.3571,0.166,0.172,tensor(4.0631),1.3216623
412,2,4,1.2,0.3214,0.156,0.163,tensor(4.1313),1.3455168
413,2,4,1.4,0.2714,0.15,0.145,tensor(4.0166),1.3753929
414,2,4,1.5,0.25,0.148,0.144,tensor(3.8902),1.3829287
415,2,4,1.6,0.2286,0.146,0.14,tensor(3.7280),1.3923575
416,2,4,1.7,0.1857,0.132,0.134,tensor(3.4916),1.4528711
417,2,4,1.8,0.1643,0.128,0.131,tensor(3.4340),1.4646645
418,2,4,1.9,0.15,0.122,0.13,tensor(3.2404),1.4645239
419,2,4,2.0,0.1429,0.122,0.13,tensor(2.9872),1.4538766
420,2,8,0.0,0.9857,0.786,0.798,tensor(2.6783),0.7627816
421,2,8,0.1,0.9857,0.794,0.797,tensor(2.6158),0.80633634
422,2,8,0.2,0.9786,0.784,0.794,tensor(2.5824),0.8601535
423,2,8,0.3,0.9571,0.778,0.795,tensor(2.5412),0.915584
424,2,8,0.4,0.95,0.778,0.786,tensor(2.5333),0.9752565
425,2,8,0.5,0.9214,0.77,0.768,tensor(2.5242),1.0351611
426,2,8,0.6,0.9286,0.742,0.746,tensor(2.5480),1.0988288
427,2,8,0.7,0.9071,0.704,0.702,tensor(2.7279),1.1676693
428,2,8,0.8,0.8643,0.45,0.454,tensor(2.9896),1.2267163
429,2,8,0.9,0.6714,0.242,0.273,tensor(3.6776),1.3165702
430,2,8,1.0,0.5429,0.21,0.237,tensor(4.2721),1.3566954
431,2,8,1.1,0.4857,0.202,0.211,tensor(4.4108),1.3772681
432,2,8,1.2,0.4571,0.354,0.369,tensor(4.3923),1.434247
433,2,8,1.4,0.35,0.334,0.342,tensor(4.5804),1.4694481
434,2,8,1.5,0.2929,0.322,0.337,tensor(4.7435),1.4998351
435,2,8,1.6,0.25,0.316,0.329,tensor(4.7266),1.5440499
436,2,8,1.7,0.2143,0.316,0.326,tensor(4.6427),1.5786439
437,2,8,1.8,0.2071,0.316,0.326,tensor(4.5079),1.588211
438,2,8,1.9,0.1929,0.316,0.326,tensor(4.3693),1.5908221
439,2,8,2.0,0.1929,0.316,0.326,tensor(4.1663),1.5905993
440,2,16,0.0,1.0,0.798,0.821,tensor(2.4951),0.8182607
441,2,16,0.1,1.0,0.804,0.822,tensor(2.4340),0.8824732
442,2,16,0.2,0.9929,0.808,0.827,tensor(2.3707),0.9522605
443,2,16,0.3,0.9929,0.816,0.837,tensor(2.3317),1.0206958
444,2,16,0.4,0.9929,0.802,0.839,tensor(2.3031),1.0865812
445,2,16,0.5,0.9857,0.806,0.832,tensor(2.2862),1.1470803
446,2,16,0.6,0.9857,0.784,0.817,tensor(2.2703),1.2090617
447,2,16,0.7,0.9857,0.73,0.756,tensor(2.3382),1.2813634
448,2,16,0.8,0.9786,0.664,0.678,tensor(2.6439),1.3739069
449,2,16,0.9,0.9286,0.6,0.594,tensor(3.1318),1.4501301
450,2,16,1.0,0.9214,0.554,0.556,tensor(3.2487),1.4792311
451,2,16,1.1,0.8786,0.366,0.357,tensor(3.8085),1.5870274
452,2,16,1.2,0.8429,0.34,0.34,tensor(3.9998),1.6264029
453,2,16,1.4,0.7714,0.312,0.317,tensor(4.1708),1.6895081
454,2,16,1.5,0.7143,0.196,0.244,tensor(4.3073),1.7101277
455,2,16,1.6,0.7071,0.192,0.227,tensor(4.2530),1.7251396
456,2,16,1.7,0.6929,0.186,0.219,tensor(4.2672),1.7405827
457,2,16,1.8,0.6786,0.182,0.214,tensor(4.2786),1.748109
458,2,16,1.9,0.6714,0.18,0.211,tensor(4.2542),1.7504342
459,2,16,2.0,0.6429,0.18,0.206,tensor(4.3073),1.7512248
460,2,32,0.0,1.0,0.784,0.807,tensor(2.0441),0.9135605
461,2,32,0.1,1.0,0.794,0.822,tensor(1.9658),1.0211424
462,2,32,0.2,1.0,0.794,0.824,tensor(1.8918),1.1281946
463,2,32,0.3,1.0,0.8,0.823,tensor(1.8292),1.2257471
464,2,32,0.4,1.0,0.808,0.828,tensor(1.7754),1.3088406
465,2,32,0.5,1.0,0.808,0.835,tensor(1.7319),1.3799753
466,2,32,0.6,1.0,0.808,0.837,tensor(1.7033),1.4407805
467,2,32,0.7,1.0,0.804,0.836,tensor(1.6884),1.4946431
468,2,32,0.8,0.9857,0.764,0.787,tensor(1.7572),1.5668657
469,2,32,0.9,0.9857,0.716,0.729,tensor(1.8845),1.6547457
470,2,32,1.0,0.9714,0.702,0.702,tensor(2.1686),1.725628
471,2,32,1.1,0.9714,0.68,0.688,tensor(2.3442),1.7923824
472,2,32,1.2,0.9571,0.642,0.631,tensor(2.7068),1.8387375
473,2,32,1.4,0.9214,0.564,0.564,tensor(3.1171),1.9085168
474,2,32,1.5,0.9143,0.552,0.557,tensor(3.1720),1.9322687
475,2,32,1.6,0.9071,0.534,0.541,tensor(3.2110),1.9571047
476,2,32,1.7,0.9071,0.52,0.531,tensor(3.2686),1.9782494
477,2,32,1.8,0.8929,0.498,0.512,tensor(3.3798),1.9902058
478,2,32,1.9,0.8714,0.476,0.499,tensor(3.5085),2.0025525
479,2,32,2.0,0.8643,0.472,0.489,tensor(3.5672),2.011783
480,2,64,0.0,1.0,0.788,0.814,tensor(1.8600),0.9583789
481,2,64,0.1,1.0,0.794,0.823,tensor(1.7680),1.0850109
482,2,64,0.2,1.0,0.808,0.83,tensor(1.6908),1.2101357
483,2,64,0.3,1.0,0.81,0.836,tensor(1.6302),1.3200114
484,2,64,0.4,1.0,0.794,0.837,tensor(1.5799),1.4108416
485,2,64,0.5,1.0,0.794,0.837,tensor(1.5421),1.4869583
486,2,64,0.6,1.0,0.796,0.836,tensor(1.5121),1.5526905
487,2,64,0.7,0.9929,0.798,0.835,tensor(1.4758),1.6113913
488,2,64,0.8,0.9929,0.796,0.835,tensor(1.4549),1.6633265
489,2,64,0.9,0.9857,0.732,0.744,tensor(1.7714),1.792742
490,2,64,1.0,0.9857,0.716,0.733,tensor(1.7939),1.839617
491,2,64,1.1,0.9929,0.76,0.782,tensor(1.7276),1.8473848
492,2,64,1.2,0.9857,0.744,0.75,tensor(2.1475),1.9333233
493,2,64,1.4,0.9643,0.688,0.693,tensor(2.5084),2.0541856
494,2,64,1.5,0.95,0.65,0.644,tensor(2.7253),2.1000922
495,2,64,1.6,0.9286,0.622,0.628,tensor(2.9139),2.1317594
496,2,64,1.7,0.9214,0.604,0.617,tensor(2.9394),2.1641953
497,2,64,1.8,0.9214,0.588,0.599,tensor(2.9811),2.1904716
498,2,64,1.9,0.9071,0.57,0.576,tensor(3.0184),2.218327
499,2,64,2.0,0.9,0.548,0.562,tensor(3.0486),2.2404392
500,2,128,0.0,1.0,0.79,0.811,tensor(1.6828),1.0318633
501,2,128,0.1,1.0,0.804,0.818,tensor(1.5667),1.1968783
502,2,128,0.2,1.0,0.81,0.826,tensor(1.4599),1.3451576
503,2,128,0.3,1.0,0.818,0.83,tensor(1.3731),1.4649107
504,2,128,0.4,1.0,0.812,0.831,tensor(1.3071),1.5598755
505,2,128,0.5,1.0,0.812,0.833,tensor(1.2507),1.6400064
506,2,128,0.6,1.0,0.804,0.832,tensor(1.2118),1.7069308
507,2,128,0.7,1.0,0.794,0.825,tensor(1.1930),1.7682409
508,2,128,0.8,1.0,0.8,0.83,tensor(1.1817),1.8231298
509,2,128,0.9,1.0,0.8,0.829,tensor(1.1601),1.8691272
510,2,128,1.0,1.0,0.792,0.815,tensor(1.1524),1.9196383
511,2,128,1.1,0.9929,0.784,0.803,tensor(1.1368),1.9725863
512,2,128,1.2,0.9857,0.56,0.569,tensor(1.4603),2.038929
513,2,128,1.4,0.9714,0.544,0.538,tensor(1.8502),2.1182165
514,2,128,1.5,0.9714,0.532,0.532,tensor(1.9257),2.1449122
515,2,128,1.6,0.9786,0.512,0.507,tensor(1.8934),2.191377
516,2,128,1.7,0.9714,0.46,0.445,tensor(2.3331),2.278317
517,2,128,1.8,0.9714,0.418,0.414,tensor(2.4141),2.2769105
518,2,128,1.9,0.9714,0.4,0.398,tensor(2.6840),2.296787
519,2,128,2.0,0.9714,0.442,0.419,tensor(2.3920),2.3376098
520,2,256,0.0,1.0,0.792,0.807,tensor(1.5544),1.0564927
521,2,256,0.1,1.0,0.806,0.819,tensor(1.4297),1.2387954
522,2,256,0.2,1.0,0.812,0.825,tensor(1.3419),1.4055864
523,2,256,0.3,1.0,0.818,0.829,tensor(1.2781),1.5422891
524,2,256,0.4,1.0,0.82,0.826,tensor(1.2404),1.6554476
525,2,256,0.5,1.0,0.812,0.827,tensor(1.1983),1.7451861
526,2,256,0.6,1.0,0.812,0.824,tensor(1.1675),1.8215649
527,2,256,0.7,1.0,0.812,0.825,tensor(1.1357),1.8864747
528,2,256,0.8,1.0,0.806,0.827,tensor(1.1066),1.930373
529,2,256,0.9,1.0,0.804,0.827,tensor(1.0799),1.9784817
530,2,256,1.0,1.0,0.804,0.816,tensor(1.0601),2.0263712
531,2,256,1.1,1.0,0.806,0.82,tensor(1.0488),2.0599322
532,2,256,1.2,1.0,0.802,0.82,tensor(1.0386),2.090914
533,2,256,1.4,0.9929,0.804,0.807,tensor(1.0297),2.169936
534,2,256,1.5,0.9929,0.8,0.81,tensor(1.0288),2.1961064
535,2,256,1.6,0.9929,0.796,0.809,tensor(1.0298),2.2233949
536,2,256,1.7,0.9929,0.798,0.81,tensor(1.0142),2.2468355
537,2,256,1.8,0.9929,0.796,0.807,tensor(0.9978),2.2667296
538,2,256,1.9,0.9929,0.798,0.809,tensor(1.0044),2.292456
539,2,256,2.0,0.9929,0.796,0.807,tensor(0.9863),2.3180363
540,3,1,0.0,0.3429,0.174,0.213,tensor(0.5118),0.38588396
541,3,1,0.1,0.3357,0.174,0.227,tensor(0.5124),0.3936809
542,3,1,0.2,0.3286,0.18,0.208,tensor(0.5176),0.40452448
543,3,1,0.3,0.3286,0.186,0.214,tensor(0.5063),0.41828924
544,3,1,0.4,0.3214,0.194,0.201,tensor(0.4857),0.43446675
545,3,1,0.5,0.3143,0.192,0.199,tensor(0.4723),0.45383787
546,3,1,0.6,0.3214,0.168,0.173,tensor(0.4964),0.47710732
547,3,1,0.7,0.3071,0.164,0.164,tensor(0.5187),0.50621164
548,3,1,0.8,0.3071,0.236,0.233,tensor(0.4343),0.54028434
549,3,1,0.9,0.1786,0.156,0.149,tensor(2.9337),0.733106
550,3,1,1.0,0.1643,0.156,0.147,tensor(3.1630),0.76233596
551,3,1,1.1,0.1429,0.162,0.149,tensor(2.4221),0.7863131
552,3,1,1.2,0.1429,0.162,0.149,tensor(2.1329),0.8169703
553,3,1,1.4,0.1429,0.162,0.149,tensor(1.6590),0.86617464
554,3,1,1.5,0.1429,0.162,0.149,tensor(1.4872),0.8857964
555,3,1,1.6,0.1429,0.162,0.149,tensor(1.3650),0.90325195
556,3,1,1.7,0.1429,0.162,0.149,tensor(1.2772),0.92683357
557,3,1,1.8,0.1429,0.162,0.149,tensor(1.2184),0.94540864
558,3,1,1.9,0.1429,0.162,0.149,tensor(1.1738),0.9628852
559,3,1,2.0,0.1429,0.162,0.149,tensor(1.1384),0.9793202
560,3,2,0.0,0.6357,0.52,0.524,tensor(1.4799),0.52616775
561,3,2,0.1,0.6143,0.52,0.529,tensor(1.5724),0.52741534
562,3,2,0.2,0.5571,0.534,0.553,tensor(1.5716),0.53133464
563,3,2,0.3,0.5643,0.544,0.564,tensor(1.4987),0.5389014
564,3,2,0.4,0.5714,0.542,0.556,tensor(1.5392),0.553055
565,3,2,0.5,0.5571,0.528,0.544,tensor(1.6724),0.5808154
566,3,2,0.6,0.45,0.426,0.463,tensor(2.6897),0.64721256
567,3,2,0.7,0.3,0.382,0.383,tensor(4.0351),0.7554689
568,3,2,0.8,0.2929,0.368,0.359,tensor(3.6712),0.8198287
569,3,2,0.9,0.2643,0.352,0.352,tensor(3.4981),0.8589511
570,3,2,1.0,0.2571,0.082,0.082,tensor(2.7546),0.8513697
571,3,2,1.1,0.1786,0.116,0.107,tensor(2.6036),0.92924786
572,3,2,1.2,0.1429,0.156,0.144,tensor(3.5412),0.92105293
573,3,2,1.4,0.1429,0.156,0.144,tensor(2.8626),0.96170276
574,3,2,1.5,0.1429,0.156,0.144,tensor(2.5811),0.9855756
575,3,2,1.6,0.1429,0.156,0.144,tensor(2.3585),0.9952026
576,3,2,1.7,0.1429,0.156,0.144,tensor(2.1783),1.0109988
577,3,2,1.8,0.1429,0.156,0.144,tensor(2.0074),1.02457
578,3,2,1.9,0.1429,0.156,0.144,tensor(1.8741),1.0296124
579,3,2,2.0,0.1429,0.156,0.144,tensor(1.7656),1.0385584
580,3,4,0.0,0.9857,0.754,0.766,tensor(2.7236),0.67256874
581,3,4,0.1,0.9857,0.756,0.777,tensor(2.7467),0.6988103
582,3,4,0.2,0.9857,0.764,0.785,tensor(2.7899),0.7286143
583,3,4,0.3,0.9714,0.772,0.785,tensor(2.8229),0.76053095
584,3,4,0.4,0.9714,0.764,0.777,tensor(2.8844),0.79688245
585,3,4,0.5,0.9714,0.754,0.775,tensor(2.9704),0.841437
586,3,4,0.6,0.9429,0.748,0.764,tensor(3.1282),0.9017297
587,3,4,0.7,0.8857,0.688,0.688,tensor(3.3628),0.98553914
588,3,4,0.8,0.6857,0.328,0.335,tensor(3.6914),0.9984645
589,3,4,0.9,0.4929,0.192,0.194,tensor(3.6394),1.081952
590,3,4,1.0,0.4286,0.18,0.179,tensor(4.0346),1.1557482
591,3,4,1.1,0.4,0.174,0.176,tensor(4.0258),1.189689
592,3,4,1.2,0.3786,0.168,0.169,tensor(3.9803),1.2047044
593,3,4,1.4,0.3643,0.15,0.155,tensor(3.7169),1.230951
594,3,4,1.5,0.3357,0.142,0.151,tensor(3.7433),1.238411
595,3,4,1.6,0.3071,0.142,0.149,tensor(3.7803),1.2430054
596,3,4,1.7,0.3,0.14,0.147,tensor(3.6784),1.2455415
597,3,4,1.8,0.2929,0.138,0.147,tensor(3.5401),1.2513158
598,3,4,1.9,0.2786,0.138,0.146,tensor(3.4470),1.2636917
599,3,4,2.0,0.25,0.13,0.145,tensor(3.5215),1.2759687
600,3,8,0.0,0.9857,0.78,0.787,tensor(2.6476),0.7546453
601,3,8,0.1,0.9857,0.792,0.793,tensor(2.6197),0.7921009
602,3,8,0.2,0.9857,0.786,0.791,tensor(2.6187),0.84653175
603,3,8,0.3,0.9857,0.792,0.798,tensor(2.6265),0.9047631
604,3,8,0.4,0.9857,0.79,0.799,tensor(2.6393),0.95993644
605,3,8,0.5,0.9857,0.8,0.8,tensor(2.6560),1.0129347
606,3,8,0.6,0.9857,0.792,0.8,tensor(2.6716),1.0618937
607,3,8,0.7,0.9357,0.486,0.509,tensor(3.2190),1.1231453
608,3,8,0.8,0.9643,0.532,0.555,tensor(2.9880),1.216462
609,3,8,0.9,0.7571,0.33,0.346,tensor(4.2530),1.3288049
610,3,8,1.0,0.6714,0.302,0.308,tensor(4.3054),1.3675354
611,3,8,1.1,0.6857,0.196,0.226,tensor(4.2621),1.4494089
612,3,8,1.2,0.6143,0.172,0.204,tensor(4.4025),1.4967048
613,3,8,1.4,0.5643,0.148,0.171,tensor(4.3478),1.5099955
614,3,8,1.5,0.5214,0.128,0.157,tensor(4.4883),1.5262691
615,3,8,1.6,0.4857,0.12,0.149,tensor(4.5059),1.5269953
616,3,8,1.7,0.4643,0.116,0.14,tensor(4.4367),1.5281141
617,3,8,1.8,0.4571,0.104,0.129,tensor(4.2118),1.5327604
618,3,8,1.9,0.4357,0.098,0.122,tensor(4.0812),1.5316349
619,3,8,2.0,0.4,0.094,0.116,tensor(4.1159),1.5282902
620,3,16,0.0,1.0,0.79,0.812,tensor(2.4359),0.7977025
621,3,16,0.1,1.0,0.802,0.818,tensor(2.3768),0.8566107
622,3,16,0.2,1.0,0.814,0.823,tensor(2.3280),0.9215393
623,3,16,0.3,1.0,0.818,0.829,tensor(2.2906),0.9875633
624,3,16,0.4,0.9857,0.816,0.831,tensor(2.2285),1.0557419
625,3,16,0.5,0.9857,0.81,0.834,tensor(2.2133),1.1227695
626,3,16,0.6,0.9786,0.798,0.82,tensor(2.2194),1.1911306
627,3,16,0.7,0.9786,0.778,0.798,tensor(2.2455),1.2627579
628,3,16,0.8,0.9714,0.748,0.754,tensor(2.4205),1.347478
629,3,16,0.9,0.9357,0.66,0.655,tensor(2.9384),1.431492
630,3,16,1.0,0.9357,0.682,0.687,tensor(2.8396),1.4665321
631,3,16,1.1,0.8286,0.268,0.298,tensor(3.7679),1.580567
632,3,16,1.2,0.8214,0.318,0.324,tensor(4.0451),1.6500524
633,3,16,1.4,0.7643,0.294,0.3,tensor(4.1235),1.6973422
634,3,16,1.5,0.7571,0.278,0.287,tensor(4.1096),1.7242291
635,3,16,1.6,0.75,0.272,0.284,tensor(4.0969),1.7458946
636,3,16,1.7,0.7286,0.264,0.276,tensor(4.0927),1.767038
637,3,16,1.8,0.6929,0.256,0.267,tensor(4.2299),1.8051627
638,3,16,1.9,0.6714,0.252,0.257,tensor(4.1882),1.8186939
639,3,16,2.0,0.6571,0.25,0.246,tensor(4.1268),1.8285619
640,3,32,0.0,1.0,0.792,0.81,tensor(2.0800),0.91649884
641,3,32,0.1,1.0,0.796,0.82,tensor(2.0011),1.01111
642,3,32,0.2,1.0,0.796,0.819,tensor(1.9313),1.1090728
643,3,32,0.3,1.0,0.808,0.831,tensor(1.8768),1.2027844
644,3,32,0.4,1.0,0.812,0.834,tensor(1.8316),1.2848663
645,3,32,0.5,1.0,0.798,0.838,tensor(1.7941),1.3572639
646,3,32,0.6,0.9929,0.804,0.83,tensor(1.7439),1.4196981
647,3,32,0.7,0.9929,0.798,0.825,tensor(1.7168),1.4747144
648,3,32,0.8,0.9929,0.796,0.822,tensor(1.7000),1.5253475
649,3,32,0.9,0.9929,0.796,0.824,tensor(1.6761),1.5682343
650,3,32,1.0,1.0,0.696,0.749,tensor(1.6476),1.6243366
651,3,32,1.1,0.9643,0.55,0.552,tensor(2.1274),1.7053617
652,3,32,1.2,0.9071,0.352,0.348,tensor(3.0765),1.8827869
653,3,32,1.4,0.8857,0.292,0.315,tensor(3.2705),1.9322325
654,3,32,1.5,0.8857,0.276,0.301,tensor(3.3081),1.9556353
655,3,32,1.6,0.8714,0.262,0.291,tensor(3.4258),1.9753523
656,3,32,1.7,0.8643,0.244,0.285,tensor(3.4493),1.9907306
657,3,32,1.8,0.85,0.236,0.279,tensor(3.5629),2.0042431
658,3,32,1.9,0.8357,0.234,0.279,tensor(3.6141),2.0134387
659,3,32,2.0,0.8286,0.23,0.272,tensor(3.6656),2.0190675
660,3,64,0.0,1.0,0.8,0.82,tensor(1.8046),0.95741445
661,3,64,0.1,1.0,0.8,0.824,tensor(1.7171),1.086456
662,3,64,0.2,1.0,0.812,0.824,tensor(1.6430),1.2137263
663,3,64,0.3,1.0,0.828,0.83,tensor(1.5863),1.3252407
664,3,64,0.4,1.0,0.814,0.836,tensor(1.5411),1.4210331
665,3,64,0.5,1.0,0.802,0.838,tensor(1.5107),1.5018895
666,3,64,0.6,1.0,0.802,0.836,tensor(1.4869),1.5720861
667,3,64,0.7,1.0,0.796,0.836,tensor(1.4907),1.6341035
668,3,64,0.8,1.0,0.796,0.834,tensor(1.4910),1.6934377
669,3,64,0.9,1.0,0.806,0.827,tensor(1.4593),1.7326281
670,3,64,1.0,1.0,0.804,0.833,tensor(1.4369),1.7695552
671,3,64,1.1,0.9929,0.792,0.822,tensor(1.3998),1.7991074
672,3,64,1.2,0.9714,0.556,0.558,tensor(1.8658),1.8955323
673,3,64,1.4,0.9357,0.35,0.365,tensor(2.9964),2.1428747
674,3,64,1.5,0.9357,0.328,0.358,tensor(3.1185),2.167416
675,3,64,1.6,0.9214,0.326,0.346,tensor(3.2515),2.1954684
676,3,64,1.7,0.9143,0.324,0.344,tensor(3.3377),2.2156882
677,3,64,1.8,0.8857,0.292,0.326,tensor(3.4174),2.2314901
678,3,64,1.9,0.8857,0.272,0.311,tensor(3.4453),2.2465196
679,3,64,2.0,0.8643,0.264,0.302,tensor(3.4982),2.2542744
680,3,128,0.0,1.0,0.79,0.808,tensor(1.6538),1.0403379
681,3,128,0.1,1.0,0.804,0.817,tensor(1.5277),1.2023153
682,3,128,0.2,1.0,0.812,0.824,tensor(1.4226),1.348356
683,3,128,0.3,1.0,0.82,0.829,tensor(1.3384),1.4678309
684,3,128,0.4,1.0,0.818,0.83,tensor(1.2746),1.5655931
685,3,128,0.5,1.0,0.814,0.833,tensor(1.2369),1.6520376
686,3,128,0.6,1.0,0.806,0.835,tensor(1.1972),1.7177132
687,3,128,0.7,1.0,0.802,0.83,tensor(1.1710),1.7786716
688,3,128,0.8,1.0,0.798,0.831,tensor(1.1352),1.829092
689,3,128,0.9,1.0,0.804,0.837,tensor(1.1211),1.8764449
690,3,128,1.0,1.0,0.806,0.827,tensor(1.1035),1.9266821
691,3,128,1.1,1.0,0.806,0.823,tensor(1.0899),1.9662253
692,3,128,1.2,0.9929,0.796,0.812,tensor(1.1097),2.0044277
693,3,128,1.4,0.9786,0.662,0.699,tensor(1.2991),2.1243234
694,3,128,1.5,0.9643,0.492,0.525,tensor(1.6508),2.183357
695,3,128,1.6,0.9643,0.436,0.445,tensor(1.9563),2.2451787
696,3,128,1.7,0.9571,0.424,0.427,tensor(2.1660),2.2826726
697,3,128,1.8,0.9571,0.422,0.424,tensor(2.1446),2.2889102
698,3,128,1.9,0.9571,0.402,0.421,tensor(2.0021),2.337229
699,3,128,2.0,0.9571,0.394,0.416,tensor(1.9796),2.3489995
700,3,256,0.0,1.0,0.798,0.81,tensor(1.5417),1.0430372
701,3,256,0.1,1.0,0.802,0.819,tensor(1.4111),1.2234137
702,3,256,0.2,1.0,0.82,0.827,tensor(1.3029),1.3831236
703,3,256,0.3,1.0,0.814,0.829,tensor(1.2262),1.5165405
704,3,256,0.4,1.0,0.806,0.829,tensor(1.1831),1.6242733
705,3,256,0.5,1.0,0.8,0.827,tensor(1.1543),1.7177669
706,3,256,0.6,1.0,0.8,0.828,tensor(1.1113),1.787409
707,3,256,0.7,1.0,0.804,0.826,tensor(1.0914),1.8528147
708,3,256,0.8,1.0,0.804,0.831,tensor(1.0673),1.9045218
709,3,256,0.9,1.0,0.806,0.827,tensor(1.0636),1.9554126
710,3,256,1.0,1.0,0.81,0.832,tensor(1.0347),1.9969225
711,3,256,1.1,1.0,0.802,0.821,tensor(1.0188),2.0334134
712,3,256,1.2,1.0,0.798,0.818,tensor(1.0105),2.0736153
713,3,256,1.4,0.9929,0.796,0.814,tensor(1.0144),2.1440372
714,3,256,1.5,0.9929,0.796,0.814,tensor(1.0064),2.171655
715,3,256,1.6,0.9929,0.768,0.785,tensor(0.8900),2.2142768
716,3,256,1.7,1.0,0.712,0.742,tensor(0.8291),2.2283444
717,3,256,1.8,1.0,0.702,0.717,tensor(0.8941),2.284271
718,3,256,1.9,0.9857,0.492,0.524,tensor(1.6182),2.384594
719,3,256,2.0,0.9786,0.414,0.424,tensor(2.1477),2.4232829
720,4,1,0.0,0.4429,0.296,0.286,tensor(0.6252),0.34116212
721,4,1,0.1,0.4286,0.282,0.295,tensor(0.5589),0.36395714
722,4,1,0.2,0.4143,0.266,0.284,tensor(0.5353),0.38963914
723,4,1,0.3,0.4214,0.248,0.286,tensor(0.5561),0.418152
724,4,1,0.4,0.4071,0.248,0.265,tensor(0.5969),0.4399948
725,4,1,0.5,0.3714,0.234,0.254,tensor(0.5781),0.47476414
726,4,1,0.6,0.3786,0.218,0.243,tensor(0.5561),0.5128406
727,4,1,0.7,0.3357,0.222,0.221,tensor(0.8039),0.55416644
728,4,1,0.8,0.2214,0.126,0.144,tensor(3.1953),0.70788777
729,4,1,0.9,0.2071,0.122,0.143,tensor(3.4558),0.7394544
730,4,1,1.0,0.2,0.156,0.153,tensor(3.4988),0.7701816
731,4,1,1.1,0.1429,0.058,0.064,tensor(2.0750),0.7895393
732,4,1,1.2,0.1429,0.072,0.091,tensor(1.9287),0.8195876
733,4,1,1.4,0.1429,0.072,0.091,tensor(1.4901),0.8920197
734,4,1,1.5,0.1429,0.072,0.091,tensor(1.3331),0.9332733
735,4,1,1.6,0.1429,0.072,0.091,tensor(1.2237),0.9859699
736,4,1,1.7,0.1429,0.072,0.091,tensor(1.1413),1.0408033
737,4,1,1.8,0.1429,0.072,0.091,tensor(1.0814),1.0945591
738,4,1,1.9,0.1429,0.072,0.091,tensor(1.0429),1.1469126
739,4,1,2.0,0.1429,0.072,0.091,tensor(1.0169),1.1913216
740,4,2,0.0,0.7429,0.606,0.581,tensor(1.5915),0.51635176
741,4,2,0.1,0.7643,0.594,0.587,tensor(1.5905),0.52114165
742,4,2,0.2,0.7429,0.586,0.574,tensor(1.6116),0.5251304
743,4,2,0.3,0.7429,0.59,0.574,tensor(1.6042),0.53545755
744,4,2,0.4,0.7357,0.586,0.563,tensor(1.5887),0.5455833
745,4,2,0.5,0.7071,0.542,0.506,tensor(1.6479),0.5620359
746,4,2,0.6,0.65,0.442,0.399,tensor(1.7490),0.5911188
747,4,2,0.7,0.3857,0.182,0.171,tensor(3.1579),0.7087392
748,4,2,0.8,0.2929,0.128,0.124,tensor(3.9356),0.8178646
749,4,2,0.9,0.2571,0.118,0.117,tensor(3.8949),0.8679517
750,4,2,1.0,0.2214,0.116,0.112,tensor(4.0332),0.9032372
751,4,2,1.1,0.2071,0.114,0.109,tensor(4.0055),0.9346301
752,4,2,1.2,0.15,0.162,0.149,tensor(3.3944),1.0235777
753,4,2,1.4,0.1429,0.162,0.149,tensor(2.8410),1.0410284
754,4,2,1.5,0.1429,0.162,0.149,tensor(2.5309),1.0493257
755,4,2,1.6,0.1429,0.162,0.149,tensor(2.2762),1.0593135
756,4,2,1.7,0.1429,0.162,0.149,tensor(2.0561),1.0639898
757,4,2,1.8,0.1429,0.162,0.149,tensor(1.8571),1.0705746
758,4,2,1.9,0.1429,0.162,0.149,tensor(1.5840),1.0826318
759,4,2,2.0,0.1429,0.162,0.149,tensor(1.4346),1.0536373
760,4,4,0.0,0.8714,0.566,0.556,tensor(2.2128),0.7157673
761,4,4,0.1,0.8786,0.57,0.556,tensor(2.2069),0.7434479
762,4,4,0.2,0.8571,0.556,0.548,tensor(2.1978),0.7732274
763,4,4,0.3,0.85,0.558,0.549,tensor(2.2245),0.8066331
764,4,4,0.4,0.8429,0.562,0.548,tensor(2.2685),0.8412167
765,4,4,0.5,0.8429,0.552,0.543,tensor(2.2833),0.8779802
766,4,4,0.6,0.8286,0.508,0.503,tensor(2.3563),0.924913
767,4,4,0.7,0.6643,0.35,0.344,tensor(3.4198),1.0046026
768,4,4,0.8,0.6286,0.326,0.313,tensor(3.3299),1.0598935
769,4,4,0.9,0.6143,0.45,0.451,tensor(3.3109),1.1013343
770,4,4,1.0,0.5571,0.422,0.427,tensor(3.4551),1.1157721
771,4,4,1.1,0.3429,0.154,0.149,tensor(4.2851),1.2437341
772,4,4,1.2,0.3071,0.142,0.149,tensor(4.2805),1.2592856
773,4,4,1.4,0.2714,0.138,0.146,tensor(3.9045),1.2776743
774,4,4,1.5,0.2571,0.132,0.144,tensor(3.7839),1.2885655
775,4,4,1.6,0.2429,0.132,0.144,tensor(3.7143),1.2917321
776,4,4,1.7,0.2429,0.128,0.144,tensor(3.5615),1.2856886
777,4,4,1.8,0.2357,0.128,0.142,tensor(3.5076),1.2895781
778,4,4,1.9,0.2286,0.128,0.14,tensor(3.4175),1.2862397
779,4,4,2.0,0.2071,0.124,0.137,tensor(3.4788),1.2807425
780,4,8,0.0,0.9929,0.772,0.803,tensor(2.7438),0.74106026
781,4,8,0.1,0.9857,0.792,0.805,tensor(2.6942),0.77061015
782,4,8,0.2,0.9857,0.794,0.813,tensor(2.6811),0.8100986
783,4,8,0.3,0.9786,0.784,0.818,tensor(2.6745),0.8558896
784,4,8,0.4,0.9786,0.786,0.821,tensor(2.6796),0.9028896
785,4,8,0.5,0.9786,0.778,0.797,tensor(2.7083),0.9597584
786,4,8,0.6,0.9643,0.718,0.724,tensor(2.9149),1.0413686
787,4,8,0.7,0.9571,0.726,0.737,tensor(2.9248),1.104089
788,4,8,0.8,0.8143,0.416,0.408,tensor(3.3761),1.2132052
789,4,8,0.9,0.7929,0.358,0.36,tensor(3.3641),1.2741579
790,4,8,1.0,0.7357,0.258,0.272,tensor(3.5943),1.3259462
791,4,8,1.1,0.6214,0.264,0.25,tensor(4.1335),1.4451602
792,4,8,1.2,0.5857,0.242,0.233,tensor(4.0110),1.4760138
793,4,8,1.4,0.5214,0.216,0.204,tensor(4.0273),1.5104387
794,4,8,1.5,0.4857,0.212,0.197,tensor(4.1213),1.5217513
795,4,8,1.6,0.4643,0.204,0.187,tensor(4.0794),1.5271918
796,4,8,1.7,0.4357,0.198,0.183,tensor(4.1242),1.5240964
797,4,8,1.8,0.4,0.194,0.179,tensor(4.2317),1.5263091
798,4,8,1.9,0.3929,0.192,0.177,tensor(4.0616),1.5256252
799,4,8,2.0,0.3714,0.192,0.175,tensor(4.0503),1.5249504
800,4,16,0.0,1.0,0.79,0.81,tensor(2.4679),0.8518942
801,4,16,0.1,1.0,0.798,0.818,tensor(2.4253),0.921566
802,4,16,0.2,1.0,0.8,0.821,tensor(2.3981),0.9992749
803,4,16,0.3,0.9929,0.804,0.816,tensor(2.3785),1.0782751
804,4,16,0.4,0.9929,0.8,0.823,tensor(2.3679),1.1536715
805,4,16,0.5,0.9857,0.786,0.816,tensor(2.3705),1.2274724
806,4,16,0.6,0.9857,0.756,0.781,tensor(2.3999),1.3041252
807,4,16,0.7,0.9786,0.718,0.745,tensor(2.5218),1.3814923
808,4,16,0.8,0.9786,0.738,0.766,tensor(2.5286),1.4301367
809,4,16,0.9,0.9786,0.628,0.671,tensor(2.6445),1.4500225
810,4,16,1.0,0.9071,0.426,0.433,tensor(3.3606),1.5443238
811,4,16,1.1,0.8286,0.35,0.363,tensor(3.8084),1.5655193
812,4,16,1.2,0.85,0.278,0.312,tensor(3.5553),1.7060097
813,4,16,1.4,0.7857,0.25,0.279,tensor(3.9426),1.7516584
814,4,16,1.5,0.7643,0.226,0.267,tensor(3.9521),1.757168
815,4,16,1.6,0.75,0.216,0.255,tensor(3.9010),1.7607225
816,4,16,1.7,0.7,0.212,0.246,tensor(4.1353),1.7544233
817,4,16,1.8,0.7,0.19,0.226,tensor(4.0051),1.7388421
818,4,16,1.9,0.6643,0.182,0.211,tensor(4.0568),1.7431556
819,4,16,2.0,0.6571,0.19,0.217,tensor(4.0153),1.772085
820,4,32,0.0,1.0,0.796,0.817,tensor(2.0715),0.91460866
821,4,32,0.1,1.0,0.802,0.825,tensor(1.9981),1.0096384
822,4,32,0.2,1.0,0.8,0.825,tensor(1.9338),1.109494
823,4,32,0.3,1.0,0.806,0.829,tensor(1.8742),1.2047092
824,4,32,0.4,1.0,0.808,0.832,tensor(1.8288),1.2926062
825,4,32,0.5,1.0,0.808,0.828,tensor(1.7981),1.3714424
826,4,32,0.6,1.0,0.8,0.826,tensor(1.7805),1.4402103
827,4,32,0.7,1.0,0.802,0.825,tensor(1.7555),1.4964716
828,4,32,0.8,1.0,0.796,0.816,tensor(1.6902),1.5343517
829,4,32,0.9,0.9929,0.574,0.606,tensor(1.7865),1.5947224
830,4,32,1.0,0.9857,0.744,0.746,tensor(2.0907),1.7183216
831,4,32,1.1,0.9643,0.598,0.599,tensor(2.7124),1.8872015
832,4,32,1.2,0.95,0.564,0.574,tensor(2.9658),1.9324877
833,4,32,1.4,0.9214,0.542,0.552,tensor(3.3061),1.9865626
834,4,32,1.5,0.9,0.526,0.529,tensor(3.4478),2.0194862
835,4,32,1.6,0.9,0.516,0.515,tensor(3.4872),2.0448377
836,4,32,1.7,0.8857,0.504,0.51,tensor(3.5397),2.0626922
837,4,32,1.8,0.8786,0.498,0.503,tensor(3.5702),2.0711114
838,4,32,1.9,0.8571,0.476,0.488,tensor(3.6667),2.0771363
839,4,32,2.0,0.85,0.45,0.467,tensor(3.7917),2.0854902
840,4,64,0.0,1.0,0.79,0.811,tensor(1.8570),0.9929516
841,4,64,0.1,1.0,0.794,0.818,tensor(1.7666),1.12895
842,4,64,0.2,1.0,0.808,0.814,tensor(1.6932),1.2607065
843,4,64,0.3,1.0,0.812,0.814,tensor(1.6212),1.3680283
844,4,64,0.4,1.0,0.822,0.823,tensor(1.5633),1.4578121
845,4,64,0.5,1.0,0.816,0.831,tensor(1.5220),1.534138
846,4,64,0.6,1.0,0.812,0.835,tensor(1.4894),1.6004094
847,4,64,0.7,0.9929,0.808,0.836,tensor(1.4538),1.6571411
848,4,64,0.8,0.9929,0.808,0.84,tensor(1.4206),1.7060267
849,4,64,0.9,0.9929,0.808,0.839,tensor(1.4010),1.7513667
850,4,64,1.0,0.9786,0.778,0.795,tensor(1.4623),1.8730261
851,4,64,1.1,0.9571,0.47,0.471,tensor(2.1878),1.9890575
852,4,64,1.2,0.95,0.42,0.425,tensor(2.4202),2.050499
853,4,64,1.4,0.95,0.392,0.374,tensor(2.6033),2.1097229
854,4,64,1.5,0.9429,0.328,0.349,tensor(2.7632),2.133738
855,4,64,1.6,0.9429,0.322,0.342,tensor(2.8277),2.152816
856,4,64,1.7,0.9286,0.314,0.338,tensor(3.0383),2.168446
857,4,64,1.8,0.9071,0.31,0.333,tensor(3.2259),2.1883256
858,4,64,1.9,0.9,0.28,0.312,tensor(3.2434),2.1899018
859,4,64,2.0,0.8857,0.256,0.282,tensor(3.4146),2.198854
860,4,128,0.0,1.0,0.782,0.806,tensor(1.6561),1.0356687
861,4,128,0.1,1.0,0.798,0.821,tensor(1.5425),1.207354
862,4,128,0.2,1.0,0.818,0.824,tensor(1.4480),1.3584579
863,4,128,0.3,1.0,0.812,0.827,tensor(1.3762),1.4813894
864,4,128,0.4,1.0,0.814,0.833,tensor(1.3219),1.5819882
865,4,128,0.5,1.0,0.804,0.836,tensor(1.2853),1.6653348
866,4,128,0.6,1.0,0.8,0.837,tensor(1.2621),1.7377084
867,4,128,0.7,1.0,0.802,0.839,tensor(1.2456),1.7996699
868,4,128,0.8,1.0,0.798,0.837,tensor(1.2255),1.8515195
869,4,128,0.9,1.0,0.798,0.835,tensor(1.2068),1.8971528
870,4,128,1.0,0.9929,0.806,0.834,tensor(1.1704),1.932091
871,4,128,1.1,0.9929,0.806,0.815,tensor(1.2123),1.9918225
872,4,128,1.2,0.9857,0.756,0.778,tensor(1.2457),2.0624688
873,4,128,1.4,0.9786,0.766,0.783,tensor(1.1719),2.1090314
874,4,128,1.5,0.9857,0.76,0.777,tensor(1.1674),2.1226041
875,4,128,1.6,0.9786,0.508,0.548,tensor(1.7357),2.3155115
876,4,128,1.7,0.9643,0.426,0.461,tensor(2.0436),2.3388798
877,4,128,1.8,0.9643,0.34,0.365,tensor(2.2336),2.2989116
878,4,128,1.9,0.95,0.33,0.355,tensor(2.4760),2.3421707
879,4,128,2.0,0.9429,0.304,0.333,tensor(2.5722),2.3280962
880,4,256,0.0,1.0,0.796,0.814,tensor(1.5770),1.0466354
881,4,256,0.1,1.0,0.808,0.821,tensor(1.4633),1.2224435
882,4,256,0.2,1.0,0.806,0.829,tensor(1.3696),1.3786085
883,4,256,0.3,1.0,0.808,0.829,tensor(1.3008),1.5061085
884,4,256,0.4,1.0,0.81,0.831,tensor(1.2726),1.6152427
885,4,256,0.5,1.0,0.82,0.831,tensor(1.1883),1.6960895
886,4,256,0.6,1.0,0.812,0.829,tensor(1.1502),1.7700338
887,4,256,0.7,1.0,0.804,0.829,tensor(1.1189),1.8338393
888,4,256,0.8,1.0,0.798,0.83,tensor(1.0787),1.8853697
889,4,256,0.9,1.0,0.798,0.827,tensor(1.0349),1.9260769
890,4,256,1.0,1.0,0.794,0.814,tensor(1.0252),1.9782633
891,4,256,1.1,0.9929,0.786,0.801,tensor(1.0240),2.0423033
892,4,256,1.2,0.9929,0.76,0.777,tensor(1.0710),2.1073833
893,4,256,1.4,0.9857,0.684,0.724,tensor(1.2208),2.2065957
894,4,256,1.5,0.9857,0.632,0.661,tensor(1.3062),2.2629037
895,4,256,1.6,0.9857,0.596,0.618,tensor(1.4451),2.3402514
896,4,256,1.7,0.9643,0.452,0.47,tensor(1.9865),2.4289799
897,4,256,1.8,0.9643,0.362,0.377,tensor(2.3860),2.4239557
898,4,256,1.9,0.9714,0.336,0.359,tensor(2.3443),2.4073386
899,4,256,2.0,0.9643,0.308,0.347,tensor(2.5881),2.4349272
