,GCN_0,GCN_1,GCN_PREG_0,GCN_PREG_1,GCN_LAPREG_0,GCN_LAPREG_1,c
0,17.595,9.073304,-0.21049058,13.83631,-5.5523148,3.4206545,4
1,0.8769413,-9.103946,-30.37748,-4.83819,-9.147836,-12.656256,5
2,29.141413,10.700391,-1.5823942,14.940572,-5.3763366,3.895065,4
3,9.422949,4.64109,-4.880681,-0.604326,-14.084134,1.8631142,4
4,40.2276,11.6573,-22.164469,20.912037,-35.057323,8.275913,4
5,-1.1464263,23.598722,-2.8865607,-25.886282,-9.636006,25.414034,1
6,32.86334,12.294036,-15.5985985,19.281605,-23.513464,9.711802,4
7,-17.31375,4.962033,26.098394,-10.051526,21.75538,15.055111,2
8,-24.317188,-25.942808,24.387043,28.353954,23.581491,-20.209015,3
9,-21.784538,-17.69013,22.00907,20.545755,21.625807,-18.367018,3
10,-22.25496,-19.988834,23.517298,23.053612,21.049744,-18.54241,3
11,-22.227854,-20.96588,18.944153,21.062183,22.012377,-20.296398,3
12,-14.518824,25.6889,18.209581,-19.442791,18.370275,24.963316,2
13,-10.913145,-26.212317,12.607368,25.89295,12.09908,-23.095549,3
14,-19.769531,-25.048616,17.915054,24.592169,16.964388,-21.257547,3
15,12.682415,-3.2512221,-7.5249295,-0.13444132,-11.405236,-0.6064152,4
16,-13.077587,-9.807111,22.29052,15.374524,11.695777,-12.548362,2
17,10.881616,9.135889,6.875558,10.225871,2.5406952,2.3166277,0
18,-11.773203,17.324677,4.9818587,-21.331297,14.282913,24.795277,1
19,-25.339613,20.21424,21.14275,-21.54842,24.280241,23.10484,2
20,3.2813976,24.892384,-10.773425,-6.6675954,-13.947276,19.730587,0
21,-10.921482,-12.0970335,14.3464365,17.840527,6.956696,-15.925474,3
22,-12.091798,-13.025956,15.668382,17.8056,6.673696,-17.310251,3
23,33.87366,7.722317,-19.39574,7.359934,-29.890688,7.7794514,4
24,-26.29154,12.333584,31.341196,-16.426186,21.880579,14.897496,2
25,22.55058,14.720499,-13.913625,2.6543384,-22.371397,11.460171,4
26,15.848023,9.1305895,0.64942104,14.048726,-2.3008184,4.382969,0
27,34.932537,16.817041,-2.8835583,15.474571,-4.535445,4.863359,4
28,14.6281595,8.430233,1.933351,14.809611,-1.6744958,4.3563595,3
29,-23.057335,-29.291468,23.372795,29.869713,28.868513,-27.199768,3
30,-22.680859,-30.680368,23.809431,33.529842,29.723461,-27.884226,3
31,20.238127,-31.560474,-53.229443,-12.991216,-25.201254,-27.347666,5
32,35.185112,13.981596,-16.18109,20.311419,-31.760588,9.719131,4
33,37.383434,3.19254,-25.451363,19.175343,-30.848854,0.9841212,5
34,34.381462,-0.014879673,-26.848602,16.23447,-24.900541,-2.9406807,4
35,19.789381,-10.740023,-33.296673,1.4043132,-22.418951,-8.578074,5
36,5.203397,16.099087,0.6251328,-19.676516,-2.6566455,19.477537,1
37,3.2573168,11.180657,-5.43683,-5.2845864,-1.4976035,17.488028,1
38,-13.6208935,-27.536043,16.994154,35.38245,19.99335,-22.897491,3
39,-14.335732,-27.823776,18.283821,36.519653,18.93198,-23.00034,3
40,-13.198478,-23.194954,15.603931,27.997915,20.356611,-13.892164,3
41,-19.107838,-22.65839,21.727564,32.709293,19.443806,-19.85028,3
42,-17.532906,-14.255633,20.349298,20.13373,12.302529,-14.354292,3
43,-15.064836,23.24693,11.244495,-20.712042,14.642272,28.076967,1
44,-15.526996,23.68336,10.911573,-21.985483,14.672691,28.11127,2
45,-13.675181,-15.742148,16.27186,23.685682,11.298593,-16.576546,3
46,-16.436913,-27.041327,20.990133,36.027878,12.863004,-19.951557,3
47,-18.4714,-24.963339,9.521247,28.035877,20.148054,-25.025303,3
48,-22.311787,14.408573,22.309193,-15.430599,18.645931,16.297665,1
49,-24.985865,15.414808,26.823303,-16.480898,17.98261,15.457317,2
50,-20.689438,13.1356945,22.130423,-14.86522,17.3097,16.051903,2
51,-22.294334,-30.2106,22.917074,33.02519,24.593258,-24.334179,3
52,-20.998936,-21.781324,21.406868,20.417147,22.943686,-21.778193,3
53,10.120147,26.13091,-9.321961,-12.705793,-17.013872,30.830734,1
54,21.134,-31.353582,-52.157387,-13.074114,-26.621193,-28.726807,5
55,22.396036,-25.22888,-51.98142,-12.533217,-26.060574,-23.6975,5
56,23.9217,-32.155216,-54.35093,-11.522586,-27.421677,-28.884914,5
57,-27.174921,-27.579054,26.594967,30.72843,27.557556,-23.58156,3
58,-27.02194,1.2363275,25.760832,2.4251652,25.483183,-7.5775704,2
59,-24.112072,-21.499828,24.754725,26.040508,25.758284,-21.903996,3
60,-14.91949,-27.320932,18.668316,35.972504,16.933058,-18.629951,3
61,-10.918188,-15.6357565,12.718526,19.76671,10.186439,-15.331654,3
62,-6.125553,-16.6191,8.456442,19.324223,5.4038925,-5.255322,3
63,-14.907084,-26.307007,19.709717,35.37139,17.079933,-17.663406,3
64,11.29481,-16.558086,-39.180485,-6.994817,-12.28707,-10.866498,3
65,-17.187523,11.653359,36.37613,-6.1589584,24.504097,-8.840473,3
66,14.611209,-19.339354,-29.44979,-7.1324573,-19.705818,-21.778503,5
67,-5.4848027,27.319582,1.0526725,-27.91319,1.4734654,25.256489,1
68,4.95543,21.37688,-2.8226647,-18.801117,-2.2991226,22.315039,3
69,0.6855311,17.401218,3.3717027,-13.817325,3.5581021,19.366657,1
70,0.020816065,17.72836,3.3902123,-14.507337,3.192873,19.549847,1
71,0.4242671,-8.29205,19.38501,-3.2578669,-21.647259,1.5932422,4
72,-2.2189138,27.555683,-1.1833583,-28.552368,-10.9287195,23.248829,1
73,5.638166,17.544113,-3.1446223,-11.9564905,-9.844424,26.601433,3
74,1.2864382,14.50636,1.9517099,-9.673156,0.6603508,12.94882,3
75,-13.963924,25.174995,9.081641,-20.731495,9.885941,23.856342,1
76,-20.215513,-31.587738,18.033628,34.16534,30.77355,-27.80999,3
77,-10.900128,-23.286173,7.591188,20.836296,17.978502,-14.844083,3
78,-21.45436,13.358707,26.169502,-15.646322,17.175325,14.980327,2
79,23.78401,10.557158,-13.305695,4.8807216,-12.360616,2.326952,4
80,-9.219018,-28.957716,10.465681,29.447208,20.690113,-26.1921,3
81,-9.228843,-28.913506,10.290218,29.471615,20.332378,-26.172335,3
82,-20.53726,-11.750256,9.83751,4.361022,11.830805,14.338379,3
83,-20.181091,-11.655284,9.266007,4.0375347,11.663204,14.344568,1
84,-36.92804,9.595741,37.829178,-14.034492,25.834263,7.397339,2
85,-26.908274,5.328556,25.989267,-7.9778175,18.50211,4.7772813,2
86,-36.72999,8.906781,36.76855,-12.511424,28.235977,7.6802506,2
87,-14.793981,-7.7877083,18.705528,2.8811338,2.3491008,-0.2197935,3
88,23.254723,16.554428,-16.57639,2.157737,-24.120657,14.045574,5
89,13.8640995,6.170472,4.7731237,19.72607,5.956764,-0.04465622,2
90,3.724364,21.233902,-5.1771297,-4.4939938,-2.2587225,21.127596,1
91,-18.89188,-9.038459,20.660473,31.565992,16.62854,-10.954534,3
92,-31.20088,9.080058,33.293694,-13.856942,28.694357,10.544546,2
93,-30.457165,8.577631,33.02135,-13.285694,29.145943,10.2783165,2
94,-14.727803,2.7600641,22.73456,-8.832491,12.530059,6.987266,2
95,14.056399,23.75765,-17.100203,-11.025938,-19.001835,22.708944,4
96,0.6335888,4.73298,7.105683,2.9595633,0.89427125,8.645145,3
97,-14.646085,-21.49631,16.748283,27.622608,17.870148,-18.47604,3
98,38.0366,14.621334,-16.14963,18.32648,-35.57987,9.151812,4
99,23.62874,13.21438,-16.21502,2.5581825,-22.619314,13.184855,0
100,-21.546299,-16.371109,21.446386,19.192608,21.762514,-17.579433,3
101,-10.01556,28.508665,5.0074997,-25.718283,7.4166374,31.362452,1
102,-29.311745,5.1652923,29.387543,-5.7747116,24.837751,7.1056294,2
103,-35.825413,8.896019,36.11308,-12.138321,28.108438,6.672956,2
104,-30.127922,5.1885633,31.008732,-7.7210865,26.734232,8.096447,2
105,-35.22123,8.652972,35.37945,-11.994571,27.424345,6.7399454,2
106,-8.907775,-26.011694,8.641987,22.196405,22.361902,-25.02383,3
107,-3.9866555,9.095402,8.009178,-9.251537,2.9634762,11.474473,2
108,-20.441685,19.259829,20.251575,-19.710253,17.784006,20.82741,2
109,-25.77573,17.58355,21.969004,-20.116001,24.983524,19.298182,2
110,9.534715,-1.8880013,-29.45851,-11.1786375,-7.340334,-2.4181993,1
111,10.386202,-0.81496423,-29.258562,-13.128412,-18.48007,-12.956424,1
112,12.145961,-7.2436776,-31.050642,-11.385233,-17.523455,-12.391437,5
113,-20.027534,17.942091,18.932043,-18.85312,16.957672,20.205744,2
114,-24.93401,20.131456,21.792744,-21.617472,22.303688,23.26505,2
115,2.9424617,15.376677,-7.7690096,-9.414819,-13.715783,25.817636,1
116,-26.094025,7.3929505,27.075827,-12.084337,19.409624,7.8909626,2
117,21.43945,15.022085,-13.102599,2.0893106,-20.678625,11.20115,4
118,-13.918963,-15.027065,18.003473,21.939634,10.786393,-16.067904,3
119,13.973551,18.89498,-10.060735,-3.5481625,-18.280571,5.911603,1
120,-1.8185502,19.456917,1.0628258,-14.779449,0.94006044,19.614101,1
121,-24.739193,-33.131126,26.047178,35.814976,30.316261,-30.398342,3
122,-34.80081,11.992172,34.955517,-15.340987,24.445248,15.261473,2
123,-20.931753,-17.735605,18.043976,23.378649,20.515766,-18.13664,3
124,35.69305,1.3691839,-28.123133,15.267079,-28.95812,2.505679,4
125,-12.970013,-26.198792,12.827454,29.256012,18.142834,-16.059978,3
126,-21.605259,-16.431637,21.69663,19.231949,21.81463,-17.705265,3
127,35.775436,13.151136,-17.11765,18.62304,-30.524704,8.520798,4
128,29.724508,11.747956,-16.766565,8.830305,-24.841047,8.187786,4
129,-16.247316,-23.049232,21.177595,33.675056,13.685294,-19.999037,3
130,-24.195892,18.120508,23.017725,-19.95074,21.4599,20.937754,2
131,-30.553759,11.736609,29.025896,-15.276248,22.937784,14.121377,2
132,13.774587,21.597126,-14.646126,-10.424348,-17.667028,24.581158,1
133,-19.826378,-13.105414,25.393682,19.69469,9.843519,-13.6729355,3
134,39.2632,13.025494,-20.409384,21.69282,-31.866901,7.106904,4
135,30.807255,2.0017843,-24.111584,12.8437195,-23.535284,-0.2054579,4
136,30.971075,1.6079812,-25.416521,11.882373,-24.116478,-0.74164295,4
137,34.418045,5.694745,-21.58584,17.968147,-26.92661,0.38391057,4
138,30.473036,2.5543523,-23.865622,12.349417,-24.513178,-0.28971323,4
139,36.346874,3.8921096,-22.413834,20.228897,-28.421597,-0.605056,4
140,18.849064,-28.670187,-46.698235,-9.96973,-22.53613,-27.266047,5
141,14.106086,10.89671,-4.508628,-3.9008625,-4.5256624,3.8093455,0
142,-22.570173,-23.76246,24.520643,24.62081,25.938154,-24.068678,3
143,-2.0338748,25.79868,-3.6068356,-27.544518,-10.049831,24.92407,1
144,-2.0338748,25.79868,-3.6068356,-27.544518,-10.049831,24.92407,1
145,2.3023443,4.392809,6.0139403,-6.8446455,1.3910722,10.803007,3
146,-1.1358994,9.408166,3.1178956,-5.798951,4.5212226,9.974417,1
147,0.91983736,7.066019,4.49676,-6.3731747,6.2129326,10.329357,3
148,1.3426813,10.752902,2.2098653,-6.4260163,-0.8205918,9.765894,1
149,-20.772816,-25.0561,19.933855,37.546307,18.691963,-20.897629,3
150,30.434748,10.888594,-13.836479,14.220454,-6.5087876,3.7607238,4
151,28.163828,15.15184,-19.239763,5.304218,-26.073229,14.090215,4
152,-12.890368,-10.693259,24.91321,3.1945481,10.754845,-10.889499,3
153,-24.006357,-22.933397,21.208738,21.837687,26.496908,-21.444607,2
154,-17.17066,-14.591374,20.945253,20.94602,13.997342,-15.9422,3
155,17.175104,-19.388176,-35.967766,-9.570436,-21.556768,-17.72446,5
156,-26.77303,-24.153128,19.501696,35.29904,23.890596,-12.863599,3
157,-23.755653,-17.77842,20.20383,31.156456,23.821814,-11.680199,3
158,7.193747,6.656949,4.637224,10.8798065,-0.4214361,1.2919145,3
159,13.566899,-5.0769844,-31.968653,-2.7323625,-11.886263,-0.44708028,4
160,20.092913,-6.542479,-33.480927,-9.403058,-25.147291,-12.423111,2
161,-30.269945,11.453824,27.350279,-15.660546,25.965918,17.937735,2
162,-34.276844,8.353581,34.72803,-12.816351,25.076288,8.604141,2
163,16.775131,-15.321104,-41.20926,-5.8829846,-28.963253,-14.384567,5
164,4.433549,5.015174,3.6622,19.755655,3.0475981,4.581398,3
165,-14.250194,29.240072,9.467091,-28.128038,9.355686,33.032665,1
166,-17.87217,-17.304253,15.790207,25.79224,12.8380995,-16.289845,0
167,-15.614924,-11.996261,23.087496,14.768827,8.815425,-12.299148,3
168,-26.58915,-0.12263308,33.35505,-4.2470427,23.548515,-1.2033921,2
169,24.301498,-21.23028,-47.174664,-3.520477,-27.193895,-18.772732,5
170,-17.681686,16.629057,16.981627,-17.295515,11.609237,20.780046,2
171,-14.371764,-15.510276,19.866858,21.067162,14.878728,-19.927542,3
172,12.913655,-22.11759,-42.027664,-9.361306,-15.014027,-18.223022,2
173,22.880302,-11.442039,-48.16102,-3.4913328,-27.80887,-18.228224,4
174,-24.653656,15.508969,25.308685,-16.81064,22.302088,18.030516,2
175,-30.037327,12.925696,28.780865,-16.644264,24.286875,16.024801,2
176,-30.119884,4.0617876,31.951918,-7.272435,24.850885,6.3667097,2
177,10.235774,-19.384161,-29.777441,-9.806775,-10.354221,-8.323516,0
178,15.943567,-23.845573,-42.988827,-12.475535,-19.818922,-22.796055,5
179,18.989073,-18.439598,-29.847633,-11.761809,-19.145784,-15.579072,1
180,-25.794403,-28.808334,26.17797,32.678402,27.17564,-24.675714,3
181,32.09843,5.262459,-20.771595,13.705396,-25.219086,1.6121732,4
182,34.522427,10.957185,-18.461117,17.00496,-26.451178,7.179061,4
183,35.116215,15.365443,-17.613976,19.824066,-16.04132,6.8367805,4
184,19.054607,16.759539,-11.339836,-3.108508,-19.978573,15.120499,1
185,14.629195,21.79113,-15.613291,-11.231069,-15.17902,24.706135,1
186,-8.391773,-13.568966,20.567184,3.278341,-1.7160801,-13.259797,5
187,11.939342,20.089348,-11.998541,-6.3954697,-16.853676,21.202276,1
188,-16.166714,4.1906023,25.12615,-10.095557,-5.828347,-3.8822184,2
189,8.496593,-4.7288275,0.935651,2.1860473,-3.462215,-2.5402484,0
190,8.311887,-4.330933,1.1071523,1.9333086,-2.7319207,-2.185588,1
191,-13.953592,16.855974,8.48862,-15.56182,12.005753,22.101353,0
192,-24.520935,18.7137,22.29118,-20.594336,21.978373,21.965572,2
193,-17.220871,11.65104,30.388685,3.6295772,25.739931,-9.035138,2
194,-17.097223,-20.7036,20.381725,32.846634,24.534452,-17.238392,3
195,-24.381607,-31.319464,24.67941,34.235943,30.698376,-29.180067,3
196,-14.008125,-25.820955,15.978881,29.220318,26.786915,-27.772919,3
197,-23.10297,-25.231346,20.373346,28.593277,30.054815,-27.12988,3
198,18.277157,-26.283167,-47.375698,-8.622134,-19.826199,-24.190168,5
199,6.0055504,9.207015,-0.108194865,-14.48767,-12.656345,5.878855,4
200,7.184234,9.318367,-7.095184,-4.0697513,-22.443375,8.710966,4
201,33.419094,4.5034785,-22.154108,14.24011,-26.401606,1.4210491,3
202,-5.762344,28.445696,2.7724383,-28.04743,-9.662629,20.62544,1
203,-4.368656,29.001116,2.2963643,-29.140034,-10.527559,19.931437,1
204,-17.0617,12.389256,20.497501,-20.320526,27.349422,19.65634,2
205,-17.690231,10.648232,28.844769,2.2853525,15.940478,12.105161,1
206,-22.805105,16.15,19.966795,-17.142279,21.39351,19.5694,2
207,-22.854544,-31.315838,22.366945,24.101305,29.676418,-29.804958,2
208,-26.800741,11.154251,29.104485,-13.339379,19.70408,12.607611,2
209,-25.813019,11.373663,28.185936,-13.289549,18.975883,13.181439,2
210,17.164547,-25.014498,-46.266113,-9.12933,-18.715094,-24.917349,5
211,-24.15536,0.7909706,24.416721,-0.3580053,23.974463,-1.9252343,0
212,6.9395776,20.789997,-4.722703,-16.268618,-11.6758,28.97389,1
213,-22.60769,15.167805,21.471514,-17.288044,19.32462,16.23744,2
214,-15.539283,-28.483522,17.032675,19.862694,25.973505,-27.585249,2
215,-16.224726,-29.267462,14.335345,28.469576,29.184515,-28.46486,4
216,9.686215,24.731495,-11.712441,-8.550533,-16.642233,28.473238,0
217,33.884804,3.414561,-25.116156,14.9557905,-23.094116,-1.5528505,4
218,31.687166,12.044663,-14.99429,16.287556,-28.584782,9.437941,1
219,0.658676,21.107103,-0.4759172,-16.633427,3.0129533,24.072641,1
220,-6.714946,18.209606,-2.2413206,-20.342392,6.78593,21.620922,2
221,-12.8921795,16.668793,8.717831,-14.903472,15.546798,24.427145,3
222,-12.779379,23.172588,8.763336,-22.546288,9.914701,27.969181,1
223,-12.216003,24.126682,9.461617,-22.294361,9.905048,28.609999,1
224,8.809695,-16.460678,-33.83974,-5.135269,-2.9307542,-19.568913,2
225,-17.920609,-21.669487,18.93011,31.236572,20.579786,-15.012651,3
226,-15.982575,-30.409464,17.534803,34.506886,23.802238,-27.52593,3
227,20.873022,-24.348211,-49.405113,-12.750712,-24.83543,-22.704021,5
228,-25.043242,7.4259634,27.4585,-5.176853,16.603418,7.055869,2
229,21.447075,-26.09399,-50.631046,-10.417822,-25.490673,-24.617184,5
230,15.995596,-12.355189,-42.032005,-4.1320086,-12.662225,-15.892884,5
231,-19.656584,-17.43902,24.820894,20.764433,22.709393,-12.914582,3
232,-22.192122,16.215412,19.67201,-18.07876,21.74452,20.01343,1
233,31.062315,2.809857,-24.579948,13.124179,-26.61621,-1.9753364,0
234,22.316874,-24.62476,-48.777687,-11.506229,-25.895979,-23.498203,5
235,21.567572,-23.474564,-47.773045,-11.996805,-24.350386,-21.904879,5
236,15.351191,-20.220676,-40.70836,-11.511565,-18.273954,-23.307276,5
237,16.842924,-23.30397,-43.90827,-10.285044,-18.876768,-23.41446,5
238,-13.597031,-21.512495,14.1260605,23.749865,13.754372,-10.438649,3
239,13.668416,9.117769,3.9465342,16.103176,-0.13387074,3.3752224,3
240,12.031291,9.272749,4.5680704,14.3188095,0.624746,2.7806723,3
241,-21.724682,6.287183,26.151812,-0.8407786,-10.991524,-3.416381,0
242,31.786139,8.681575,-20.544388,10.329396,-30.589178,7.108459,4
243,-1.3353479,4.760695,9.276698,-7.6612105,-4.4957485,-3.9064553,5
244,7.899379,20.585762,7.24935,9.842225,-11.582601,28.31554,3
245,29.642164,5.325735,-20.673943,7.4187255,-23.149538,2.5176866,4
246,9.972873,-3.415059,-29.804375,-9.105569,-11.003455,-4.321727,5
247,35.014084,9.713238,-18.673494,15.187675,-25.562412,2.7569952,4
248,-7.6953583,-25.371649,10.154362,22.42648,11.822055,-24.247576,5
249,-32.083965,7.960316,32.480133,-11.097148,21.36674,7.4439015,2
250,-25.646345,7.2848234,28.123026,-11.293774,19.937696,7.3424196,0
251,-3.1430492,8.092809,8.634089,-8.154488,-2.9285145,-4.7879486,5
252,20.014393,-20.529951,-37.183044,-11.447349,-21.165817,-19.23139,5
253,18.957985,-20.581055,-37.688057,-10.729596,-20.52358,-19.554867,5
254,-19.827805,10.899478,28.573652,2.1240542,20.337969,19.98305,1
255,-11.988647,29.838129,7.6137567,-26.401733,6.998372,33.069843,1
256,-24.863342,-15.424721,25.956598,16.683691,26.093248,-13.007437,3
257,37.39504,15.654417,-13.3396225,17.66734,-36.505825,10.048475,1
258,0.072856754,8.138611,3.9137745,-6.822604,7.065297,10.811972,2
259,-4.374798,12.913581,4.6146717,-10.098983,12.1157675,15.73077,2
260,-4.4134445,13.132827,4.426365,-10.328375,11.462565,15.512327,2
261,-26.969633,-30.87437,27.393919,31.76635,32.000946,-28.238699,3
262,-16.302887,12.598003,30.908302,3.342935,17.855766,19.157537,2
263,36.513668,2.4696333,-24.50039,18.535831,-24.051373,-2.9737544,4
264,16.79436,-15.679616,-41.603462,-7.5282474,-18.060648,-24.455837,5
265,12.149676,7.3382382,4.314034,18.2697,4.1010137,1.7900039,3
266,11.688966,7.71041,4.3425245,17.663095,3.7508922,1.869517,3
267,-14.681586,14.774501,10.242535,6.9627824,3.0563443,5.2015443,1
268,-20.688026,-16.162474,21.339317,18.402672,14.803735,-17.888334,3
269,-11.366396,26.924347,6.6588798,-25.868952,8.163189,28.128523,1
270,-33.41443,8.896507,33.110847,-11.662827,27.14257,8.364319,2
271,-18.790152,-15.116631,21.969437,16.900368,20.157358,-12.264466,2
272,2.7282917,25.671417,-1.8652846,-14.826147,-12.538923,20.792192,1
273,15.114358,9.720181,2.7560458,14.545995,-1.4644662,2.4071097,3
274,-5.022095,28.726215,2.4247327,-28.698124,-9.17423,21.127548,1
275,-18.282457,-1.5945374,20.021612,1.5805904,10.937105,-10.132582,3
276,2.1186159,7.226589,7.3425417,4.52395,5.282405,12.286716,1
277,-16.527468,23.320705,12.312817,-20.996687,20.992155,22.451298,2
278,7.1934967,3.9512103,4.0150094,12.400316,-2.8599422,2.7136903,1
279,-30.458975,13.742074,32.128033,-15.95743,25.752121,18.751163,2
280,5.9850035,13.140844,-8.403048,-8.991403,-13.631602,25.578081,1
281,-36.71707,7.684578,36.961224,-11.188107,28.339476,8.488644,2
282,-37.485474,8.959859,37.80478,-12.412255,30.793125,7.6816554,2
283,-22.124949,8.917073,27.129362,0.3743851,16.779963,11.356705,2
284,-20.82333,7.883722,30.49583,-3.773204,15.005629,17.745012,2
285,8.483056,-13.449159,11.667715,13.806038,-7.879751,-16.890867,5
286,25.300425,13.04996,-14.7199135,3.8355708,-23.222963,13.3800335,4
287,30.559887,13.3749695,-16.22951,16.298407,-19.352722,7.8957434,4
288,24.597715,-31.540533,-53.45104,-10.307666,-29.175041,-29.723654,5
289,13.081125,9.186699,4.119956,15.426187,-0.015077248,3.2466686,0
290,-21.58527,-26.437782,19.402962,30.443438,23.775465,-24.169231,3
291,33.31448,8.350405,-21.893133,16.909718,-28.25271,5.3041964,4
292,0.14004135,-7.583312,-4.1511326,-0.538555,-14.3388605,0.13606702,5
293,37.329025,10.016748,-19.064781,13.806195,-34.498867,6.96082,4
294,37.86638,10.589966,-18.381783,14.803922,-34.785286,7.269226,4
295,37.04532,5.954096,-23.658245,19.263021,-27.165829,6.756493,4
296,33.51137,1.2308494,-25.621433,16.4612,-22.971066,-2.6720245,4
297,35.223724,3.7030594,-23.750658,17.117605,-25.820238,6.082296,4
298,9.841441,9.926743,5.42274,9.833951,1.784964,2.148172,0
299,9.975586,9.61724,5.8181577,9.822637,1.3598272,1.8393933,0
300,-1.7768689,17.85503,1.693352,-13.198609,-1.2424682,18.3527,1
301,24.075253,14.8307705,-14.373021,2.43319,-19.047691,15.604139,4
302,0.1545201,28.924162,0.53893864,-29.019722,-12.284397,18.468683,1
303,-0.50870234,29.125887,1.0556644,-29.379755,-12.091918,18.22259,1
304,9.452527,-2.728944,-30.41579,-11.42633,-6.659811,-3.1803327,5
305,19.65089,-4.1666546,-19.38765,4.7602973,-11.05785,-0.7578513,0
306,-28.455416,9.734435,27.48753,-12.837257,22.832508,11.216291,2
307,-38.710026,10.457669,39.031124,-11.457295,32.279266,7.9982424,2
308,16.077179,6.145421,6.7070093,19.879663,10.024975,-6.255238,3
309,16.041187,6.1720505,6.3595514,20.460722,10.196344,-6.095352,3
310,-32.83847,9.603715,32.412132,-13.087827,30.341246,8.378939,2
311,-37.23483,6.214078,37.685368,-11.334605,26.598068,-9.028347,2
312,21.49646,-19.363207,-30.275867,-12.580321,-22.916845,-19.074776,0
313,21.940321,-19.590641,-30.25983,-13.062942,-23.061226,-19.302979,0
314,-20.698849,-18.43131,16.806135,25.422441,22.980152,-13.830382,3
315,-20.100494,-20.761631,22.347147,23.657711,22.883791,-20.866085,2
316,38.23953,12.098583,-21.068338,19.18432,-33.000168,8.398439,4
317,-34.03424,12.247319,32.990963,-15.628605,25.37251,15.416336,1
318,-25.053843,18.064865,22.80638,-19.679726,21.111074,17.370855,1
319,16.074915,-17.883488,-33.96769,-10.843243,-23.095709,-15.174437,0
320,3.2329879,24.1006,-9.983598,-7.1846576,-13.928773,21.08208,0
321,19.006153,15.645029,-9.43821,-2.0067835,-18.65228,12.489438,1
322,-35.793972,7.8984337,36.01761,-10.615191,28.772844,7.410088,2
323,-30.249332,14.78891,33.459427,-15.527362,26.439985,17.206902,2
324,-21.485537,12.1407,25.776934,-14.555883,21.05692,12.437792,2
325,-23.027908,6.7919316,25.97524,-4.8532324,22.530739,10.329712,2
326,-23.027908,6.7919316,25.975271,-4.8532906,22.530739,10.329712,2
327,19.251902,-28.109783,-43.016926,-9.390774,-23.868116,-28.415022,0
328,12.644151,24.50349,-11.348412,-12.743851,-15.720415,27.026075,4
329,11.994867,23.522282,-13.108725,-10.427542,-17.170973,27.51986,0
330,-21.812313,10.6760645,20.942951,-15.325873,19.816088,11.238483,1
331,40.777573,14.045614,-19.87258,23.44391,-34.17678,8.511366,4
332,-7.1056685,13.738782,7.8168983,-14.2386,11.812887,15.991985,1
333,-13.363317,25.754301,8.391756,-21.164331,18.197903,25.288673,1
334,-30.77653,11.101222,29.065334,-14.646004,22.720507,12.746869,2
335,-32.36714,11.017458,31.493063,-14.443143,24.369429,13.735024,2
336,-36.81843,6.725185,35.83859,-8.620832,22.713804,1.508856,3
337,-8.625315,-23.565136,15.2147,27.357164,9.042767,-16.854013,3
338,2.6230693,22.27707,-0.2750007,-12.092295,-15.675241,20.695885,1
339,-26.165438,-25.26329,20.356201,31.799568,30.532566,-25.611156,3
340,-35.96277,5.25284,37.009506,-9.962078,28.944971,4.6617603,2
341,26.455353,12.342053,-16.115637,6.6561165,-21.690056,10.685623,4
342,23.281578,9.344536,-24.047102,7.465522,-13.594003,3.538019,4
343,11.917641,24.180773,-12.337045,-11.177578,-17.051592,29.589622,0
344,11.029927,23.825829,-10.46229,-12.934853,-16.268734,29.542007,0
345,-35.557495,3.7118652,36.94231,-10.116056,27.99616,-3.0560687,3
346,28.309895,0.5733651,-24.080614,8.703225,-20.438549,-1.9168366,4
347,27.337605,0.9829997,-24.265015,8.884021,-16.884167,-0.20399615,4
348,-25.337366,5.6421423,24.562504,-5.0591874,18.26088,5.68091,2
349,-28.066664,6.5763783,29.086899,-10.481317,18.025517,7.4002542,2
350,-24.740625,4.941478,25.167334,-4.2555857,16.834854,5.1114793,2
351,3.1789622,8.427801,-1.3935581,-3.0950286,-11.028601,1.7574967,5
352,-31.073153,4.2432566,27.174006,-8.976737,17.838667,4.265715,5
353,-29.364378,2.8748991,32.592693,-6.9698477,24.023582,-1.1966633,2
354,23.661085,-29.41929,-49.895855,-10.408137,-27.805773,-28.427795,5
355,19.99062,-5.4227076,-31.77057,2.3383121,-24.09725,15.1538515,5
356,14.981633,-6.5518856,-32.399433,-11.716708,-9.175171,8.504627,5
357,19.633085,-4.772188,-31.410158,1.7113186,-23.259256,14.797576,5
358,34.307087,1.035065,-26.898392,14.801321,-28.440676,1.2594436,4
359,-0.22911242,10.592175,17.280237,1.5555668,16.02443,14.863123,0
360,-24.505558,19.301302,21.743965,-19.177681,21.804722,22.96274,2
361,-24.595675,11.976649,23.30314,-13.826724,19.92142,13.0498905,2
362,11.379284,22.982096,-11.833822,-11.794265,-15.78204,28.644083,0
363,-26.297869,19.989939,23.627089,-20.682901,24.448627,22.748486,2
364,20.820988,15.086821,-12.132544,0.82146996,-19.251911,14.556541,4
365,-9.634268,-6.9339685,-29.917898,-8.029743,-5.5486298,-5.4842668,5
366,-29.099388,9.901503,28.623919,-12.858911,22.20587,11.20079,4
367,28.753794,8.118805,-17.217941,13.08765,-19.172249,2.597054,0
368,-21.573906,-31.27839,22.305002,33.13089,30.088032,-28.48772,3
369,18.804697,-22.08124,-38.92005,-14.888291,-21.012413,-18.85684,3
370,21.009386,-22.287052,-41.36239,-14.6228895,-24.443325,-20.751585,5
371,-12.371834,-16.47434,15.964835,24.030766,10.080514,-16.197147,3
372,18.20424,-11.095566,-36.09504,0.78997797,-27.666883,-1.6896006,3
373,18.204376,-11.095782,-36.095165,0.7899281,-27.666883,-1.6896006,4
374,-2.397121,12.560622,3.8886232,-15.981318,1.2953814,17.556496,2
375,-2.307405,17.71696,5.0655727,-24.017605,2.0811071,23.029547,1
376,14.946903,-13.019046,-33.752735,-1.2534996,-13.57741,-12.454141,5
377,13.324824,-15.674976,-40.293167,-5.9027576,-11.047142,-16.073921,5
378,-8.257107,24.043966,4.2813034,-25.785423,1.3684375,24.165758,0
379,-3.1209183,15.614634,1.2013853,-16.77601,1.0731658,18.826866,1
380,-9.552473,-24.187208,12.173957,26.772612,11.924696,-22.395878,3
381,-8.125357,-17.22403,11.55693,19.981962,-1.1959015,-12.389322,3
382,-22.602497,-28.91852,22.700796,29.642185,28.650305,-26.183733,3
383,25.284075,-13.125736,-49.7932,-5.551562,-29.15176,-20.196697,5
384,15.657864,-1.1898956,-1.4546865,3.065746,-8.508154,4.581964,3
385,-18.149857,-22.639278,22.405018,25.08494,20.007103,-14.278908,3
386,-6.993302,23.335747,2.8236556,-17.014387,5.048398,24.803068,1
387,-4.6413293,29.773338,5.6630692,-29.171177,4.613786,30.084421,1
388,-9.347786,25.880222,5.114112,-23.405619,7.6665683,29.651775,1
389,-5.9634295,24.803806,1.7288297,-18.814844,3.0524132,25.317719,1
390,-6.0570707,24.308271,1.7784619,-18.334843,3.309047,24.906315,1
391,-11.544519,25.349817,4.916644,-19.629696,9.919177,25.07148,1
392,0.30586988,16.494593,1.979088,-11.905398,-1.0094306,19.532303,1
393,-11.585376,25.997906,7.9893346,-24.78534,6.2613573,27.033646,1
394,-12.002391,21.978687,7.6630063,-18.573065,11.026898,26.998457,1
395,-24.157255,20.664232,21.172495,-21.737474,20.000849,25.059269,1
396,-9.998877,23.613401,5.2542267,-22.536518,8.553773,26.00626,1
397,37.05394,-0.96474016,-32.884693,4.2871885,-19.737904,-9.159305,4
398,-14.730738,-7.99176,19.172585,1.3805966,3.6475568,-6.1045623,2
399,-22.576475,-2.703532,25.055862,1.0312729,10.506276,-10.47545,2
400,1.5842733,9.005324,1.9637861,-8.574169,-1.3046131,-0.046111904,0
401,-32.507374,4.2428613,28.2079,-8.436053,25.02347,9.846665,2
402,-21.935259,9.560371,27.544588,-0.025320238,17.240557,11.8088,2
403,-22.758188,9.427924,27.233967,-0.7029418,17.533457,11.890698,2
404,-21.250849,9.369671,26.686394,0.31732893,16.626692,11.330515,2
405,26.54597,10.475018,-16.067339,8.267915,-20.391119,8.800804,4
406,-16.759848,-26.916939,20.141624,26.991812,17.406569,-18.074911,3
407,-15.524,-14.769271,19.659548,15.812848,13.02994,-10.227477,3
408,-10.179382,-13.32306,13.405458,16.170053,-8.0890255,-13.783401,5
409,16.30472,-27.257084,-48.31384,-8.192037,-18.422808,-26.433687,5
410,19.753042,-11.30508,-33.585144,0.17256881,-25.252176,-16.329676,4
411,20.984152,-29.860842,-47.106525,-10.571252,-26.762667,-30.263872,5
412,-24.385502,13.254225,21.052963,-16.249321,21.983913,19.278057,2
413,24.71035,-12.66019,-49.213028,-4.0264616,-29.736954,-21.110336,4
414,22.138924,-10.552787,-32.889957,2.1160533,-27.237165,-16.054722,4
415,37.359215,-0.13658093,-32.335552,4.7042284,-20.475782,-9.246958,4
416,14.830248,-21.29301,-40.93717,-12.768622,-18.643194,-18.431105,5
417,11.266945,-19.80104,-38.334118,-13.425855,-17.937084,-16.276224,5
418,39.45344,10.134661,-21.768393,20.913279,-17.190228,-4.5996137,4
419,-12.707741,-9.935647,22.409742,0.50701594,22.44799,-2.2366383,2
420,-32.719185,6.7489557,35.706184,-13.093213,23.954119,7.3985925,2
421,-23.0804,-14.746952,24.654013,15.904605,16.304281,-9.302551,3
422,-24.473291,-18.394476,26.775686,19.908815,20.2423,-13.274628,3
423,39.37037,8.402213,-10.3269415,14.902965,-16.550201,-3.5992043,4
424,30.906607,7.761598,-19.44688,11.86051,-15.510764,2.0711527,4
425,32.10948,-0.13608703,-22.785446,12.106944,-17.561386,-2.6997046,3
426,16.774593,15.976563,-8.146043,-2.890138,-16.544006,19.397621,1
427,-9.935304,-7.9785714,21.525675,2.219715,-15.535759,-9.00469,3
428,-9.935277,-7.9785886,21.525717,2.2197251,-15.535749,-9.004688,2
429,3.1459494,25.458426,-10.857766,-5.6159964,-13.063748,20.412092,0
430,19.70062,-32.682987,-52.406418,-13.467781,-26.913252,-31.390398,5
431,22.002151,-30.622309,-45.96384,-11.340578,-28.307234,-30.33582,5
432,21.023766,-27.714462,-39.402138,-10.627124,-26.505585,-26.505505,5
433,-17.858772,-19.17992,15.663339,26.594168,14.072338,-14.059377,3
434,20.543175,15.644489,-12.349602,0.47676802,-19.630774,14.913992,4
435,-5.0031767,27.884827,1.4262587,-28.258595,-10.279386,20.691496,1
436,34.693367,10.991632,-14.439229,14.310626,-23.878984,6.4778214,4
437,18.126785,-20.094042,-36.389107,-11.400782,-25.82989,-16.78161,0
438,-6.312992,-14.81566,10.029397,16.208109,7.886917,-11.959572,5
439,-6.3467693,-14.321599,9.988681,16.126099,8.283547,-12.452486,5
440,-4.702265,-10.746596,8.264338,1.1365267,6.9452853,9.2956705,0
441,4.153912,5.5201616,13.520389,22.505266,1.7419988,4.2133203,3
442,-5.269598,17.789173,-1.0321817,-20.396244,7.651247,22.644602,0
443,-26.88113,11.725135,26.818644,-14.032195,25.52669,16.077143,2
444,-7.550429,-17.858797,9.167393,14.623208,7.095852,-8.179054,3
445,10.1218195,-14.49289,-36.491734,-3.9783423,5.628516,-17.19846,5
446,9.402505,-14.278736,-35.258415,-4.644954,8.887991,-19.100216,3
447,13.910493,-12.081749,-35.7151,-0.98347557,-10.8251505,-11.253551,4
448,15.123655,-16.308605,-36.107704,-8.809583,-15.459617,-10.886226,2
449,15.761224,-14.213441,-35.775417,-8.049581,-17.673882,-9.988211,2
450,13.034765,-17.785461,-37.871357,-6.559757,-12.871935,-11.212313,3
451,12.2220125,-23.185446,-42.945293,-8.642604,-15.049504,-19.039297,5
452,-20.164757,-0.38152233,22.134836,-1.1990021,-8.478131,-9.726276,1
453,-22.019066,-0.057524804,23.742235,1.9586989,6.1723294,-13.6376,5
454,-8.061715,-16.070717,11.512035,18.255398,9.931175,-11.597469,3
455,-5.3189,-14.774065,9.18196,14.91109,3.7035992,-7.232778,4
456,16.430977,-21.928131,-44.444595,-11.027967,-20.648863,-23.044493,5
457,19.515556,-26.93685,-50.8991,-11.644971,-21.84722,-24.876257,5
458,-31.51419,9.633447,31.145603,-12.6978,21.210941,11.431574,2
459,-29.47273,6.362291,28.52292,-10.128834,20.776178,8.089404,2
460,13.436836,25.340883,-12.319732,-12.634612,-16.202902,27.036272,4
461,-9.519198,-10.631966,0.54672414,5.13553,6.631541,-14.022499,3
462,-12.591459,-28.097933,17.454332,36.174557,14.939739,-24.396181,3
463,-8.74782,-24.012196,11.586102,26.151373,13.044759,-21.684156,3
464,-15.203039,-23.217773,14.045613,27.465303,13.952119,-20.988874,3
465,-38.674007,9.74516,38.739037,-13.712037,26.634472,7.2248163,2
466,-23.61844,14.072713,22.803762,-15.840108,19.618017,13.896656,2
467,-29.70988,5.680672,29.163792,-9.518966,20.796446,6.1295567,2
468,-27.614632,5.931434,25.682875,-5.978961,20.274517,6.5500584,2
469,-28.252579,5.753238,26.245298,-7.0084314,19.904198,5.706233,2
470,11.530311,8.378823,6.175016,15.644698,2.5363684,3.1598775,3
471,12.286336,8.502189,6.221157,15.527065,1.8611585,2.7168446,0
472,23.329132,14.474759,-15.579339,3.1494722,-20.981085,14.8077755,0
473,19.93517,-30.400461,-52.58038,-14.131669,-24.700512,-27.47615,5
474,-9.629818,21.961853,4.1229587,-16.19236,3.9957738,22.982412,1
475,-9.35608,23.667482,3.6867166,-18.874643,4.6449723,24.301826,2
476,-20.069883,-31.704144,17.487074,34.198154,30.487553,-30.93422,3
477,-13.853828,19.530428,9.416959,8.008084,11.547137,25.498272,3
478,-11.093488,23.128408,5.353132,-20.94699,7.828784,25.61208,1
479,-14.659518,15.604277,9.059726,8.068103,13.318799,22.20808,3
480,-21.158403,13.610911,22.017084,-13.183722,17.595596,15.4362755,2
481,28.436695,8.767113,-16.139988,14.2482395,-19.107943,2.7504063,4
482,-25.578516,-23.388887,24.39329,29.97973,23.781301,-14.492629,3
483,21.462315,12.805086,-11.575154,-0.19997281,-23.089537,10.131182,1
484,-11.525176,-18.229246,14.566972,20.58945,5.935829,-5.430799,3
485,-11.524157,-18.229273,14.566972,20.58945,5.9359303,-5.4308624,3
486,-22.407444,-23.061655,24.568516,24.400282,22.229458,-21.161877,3
487,-14.921526,-18.017874,18.825487,25.517199,11.804589,-18.531122,3
488,-13.045299,-13.361154,16.03943,17.682306,12.12665,-17.78981,3
489,-17.439674,15.453202,12.903602,3.2910733,10.227783,25.629152,1
490,-17.44018,15.45323,12.903602,3.2910733,10.227783,25.629152,0
491,-15.146091,-0.49424356,-38.20939,-15.36821,-6.473081,-7.024016,5
492,1.3885156,28.561592,-12.924638,-4.2504745,-12.923506,19.437502,4
493,1.6299318,28.63794,-12.989839,-4.149663,-13.321179,18.73686,4
494,16.912148,-3.8871753,-31.018612,0.13738155,-22.97381,15.310382,1
495,11.671815,20.046999,-11.64002,-6.9108243,-16.978546,21.088713,1
496,-10.971078,-11.507238,18.793684,21.851974,11.343091,-14.475892,3
497,31.940042,1.8959051,-25.920591,12.877905,-22.282097,-7.0297146,4
498,36.97669,3.996309,-24.337008,18.82846,-28.832048,-0.21818444,4
499,27.659935,4.994801,-20.87541,11.284736,-13.852988,1.3625422,4
500,27.183365,1.5133251,-19.903347,11.381274,-14.56298,1.0075442,4
501,25.181105,-14.997438,-50.874355,-5.119733,-30.183954,-22.109114,5
502,31.372091,-2.2844167,-27.432438,12.014967,-21.073479,-3.1652453,4
503,-26.473335,2.5482352,29.406218,-4.6362767,23.288427,2.5983984,2
504,-30.935535,1.842334,29.512579,-7.736106,17.028156,0.9685483,2
505,-20.191723,1.7828399,21.89157,-2.9378026,15.851624,3.0701668,2
506,-25.854538,5.889856,24.278135,-5.374643,17.400297,6.74524,2
507,-21.862162,12.905977,21.607965,-13.923365,3.1335912,13.625063,2
508,-20.488419,0.42710486,21.766003,-0.58926743,14.949175,2.158467,2
509,-27.825638,4.7834067,24.467188,-3.20266,22.133785,5.4344387,2
510,-25.40745,-29.959454,25.908714,30.227438,26.048758,-20.115475,3
511,-38.43848,8.004792,38.804874,-9.823552,25.184404,-5.6358585,2
512,-37.648354,9.804316,37.828167,-13.789455,25.23229,7.7177434,2
513,-31.202007,8.31419,33.73346,-8.72541,28.7661,8.82557,2
514,-11.894274,29.024927,9.900258,-24.095583,6.8064566,32.492725,1
515,24.300741,-11.412206,-49.8957,-3.55824,-28.69011,-17.660479,4
516,22.66727,-10.532161,-48.867184,-2.7756493,-26.069534,-15.752142,0
517,10.015057,24.175478,-10.938408,-7.904448,-17.083117,24.69845,1
518,24.784893,11.8581295,-15.4287815,4.5643873,-20.164349,11.682267,4
519,25.62868,9.927005,-17.349672,5.859561,-20.778223,10.308484,4
520,6.776324,9.262991,-6.4032664,-2.7977855,-12.4903145,5.8108625,4
521,-32.366493,5.8435974,27.587177,-11.238709,26.266203,13.064987,1
522,-23.370348,5.826753,22.637121,-5.6472793,16.537336,5.919604,2
523,24.604137,12.466258,-14.206856,4.231714,-14.766078,5.5078635,1
524,-7.9634852,-12.2809515,0.74642676,5.72786,8.213246,-13.51599,5
525,-31.808395,3.0079787,28.42583,-7.9750123,18.70872,3.1692908,5
526,-31.771704,2.5132577,26.953768,-8.086013,17.757858,3.3172045,2
527,33.58068,-0.13873926,-27.11559,15.549245,-19.62384,-2.5692527,4
528,30.562132,-0.72530824,-26.669891,12.919265,-18.703892,-1.8381456,4
529,-27.229115,3.065668,30.820635,-5.71919,23.342705,1.4578986,2
530,-21.483816,-23.457758,26.01537,26.391176,20.356554,-21.114855,2
531,13.092844,6.481686,4.5519323,19.197004,5.4396844,0.41241503,3
532,-9.116806,15.389693,0.029346973,-21.752766,16.202116,-5.554425,1
533,-9.1168165,15.389762,0.029332312,-21.752827,16.202118,-5.5544434,1
534,-10.070553,26.847263,6.9659467,-27.568867,10.669116,30.303417,0
535,-10.0705,26.847275,6.9659467,-27.568867,10.669116,30.303417,0
536,-27.774391,-17.287712,38.113327,-10.489002,26.886845,-13.078283,2
537,-15.283221,16.666348,6.458549,-20.501358,13.677841,23.057203,1
538,12.759866,22.497301,-12.028208,-10.627916,-17.08492,26.742817,0
539,6.867251,6.3145633,4.273051,11.173556,13.906374,13.093851,1
540,16.107079,-17.388065,-34.305004,-10.488768,-24.383677,-15.265563,5
541,0.3950778,26.983835,-2.2709653,-28.575823,-12.478393,22.032278,1
542,-26.387178,3.4359403,28.76821,-4.1959515,22.897741,5.716803,2
543,-25.393555,4.8230906,25.72226,-3.8696878,20.417828,8.576649,2
544,-25.19148,-32.34746,26.307978,34.913086,28.763205,-28.316666,3
545,-25.280708,1.0383457,22.874706,0.9096573,22.618235,4.3888445,2
546,10.7133875,7.0339227,-1.0239472,3.289174,-7.6398287,0.85110795,0
547,11.233202,-3.4547124,-30.03381,-2.9741647,-9.428071,0.505836,0
548,-19.430439,-16.918669,21.217522,22.692308,20.07602,-10.973879,3
549,-25.90568,-27.980276,27.284767,30.05123,20.104252,-23.88183,3
550,-14.469903,-29.57564,16.439278,35.03016,16.983871,-24.707294,3
551,-24.783474,-3.6531637,22.135221,-3.3833592,15.692963,1.205567,2
552,-19.856697,0.2130171,20.443008,-4.3127584,16.310375,1.817813,2
553,-19.856697,0.2130171,20.443008,-4.3127584,16.310375,1.817813,2
554,4.051755,20.354681,-1.8003535,-18.878504,-3.8191392,21.341892,1
555,0.5694723,11.649814,3.4928908,-9.350504,2.5028787,18.141104,1
556,0.5694723,11.649814,3.4931102,-9.350488,2.5028787,18.141104,1
557,-23.605398,-24.25895,24.873623,26.824072,26.376188,-23.649523,3
558,-24.51205,-29.929487,24.195623,31.087664,30.742886,-26.747215,3
559,-9.958519,-25.33884,10.374903,20.062754,-4.142125,-11.525748,3
560,-16.743462,3.7922564,25.463673,-9.62236,19.793348,3.2630181,5
561,-17.92981,-20.449617,24.796953,19.399483,24.708233,-18.730253,3
562,22.398384,-34.09269,-53.67107,-8.699904,-23.365604,-30.461203,5
563,-15.918383,2.146813,19.919142,-6.861128,11.8536415,5.9117136,2
564,-20.338505,-27.047935,19.706175,37.54828,21.89553,-21.480629,3
565,-26.21339,3.6620247,28.012447,-4.6212683,22.254673,6.160581,2
566,-21.854662,-11.656273,10.888159,4.5317545,23.91107,-9.504441,3
567,4.961894,12.779969,1.3028646,-3.8063903,-0.37367845,10.482196,1
568,8.122328,-6.5093775,-39.667698,-8.410688,-18.867212,-9.4642,5
569,-25.337584,11.599756,23.924257,-14.303076,20.413366,12.059914,2
570,-28.5413,3.3347201,31.497225,-6.808802,27.159094,9.554434,2
571,-10.204906,-19.964201,9.356159,20.257648,13.111808,-7.5817485,3
572,-15.518775,-24.76232,20.095238,33.050167,26.44833,-17.38642,3
573,-14.031351,-20.502914,14.924111,24.29331,19.669268,-15.21339,3
574,-10.361881,21.293554,4.4834204,-17.243881,13.171365,19.057112,1
575,13.136708,-12.118131,-30.862488,-5.0431414,-8.457076,-11.754821,1
576,8.305813,25.558409,-7.619204,-13.363749,-14.504461,30.134232,1
577,-24.447794,-28.365416,23.4637,31.880566,29.435509,-26.037268,3
578,-24.758598,-26.14799,23.910065,32.06209,24.72032,-19.77222,3
579,-8.451448,-16.219805,11.920876,18.797485,3.54506,-5.232244,3
580,-8.880643,-17.317295,12.264302,19.761417,7.472957,-6.8863373,3
581,20.969337,-10.164815,-32.302483,1.1215144,-25.507072,-13.891561,4
582,40.819176,14.320108,-19.417805,23.425955,-34.784473,10.465987,4
583,33.455208,10.999481,-17.080761,14.270758,-24.080643,7.4941235,1
584,29.5623,2.663249,-24.280712,10.884992,-22.263733,0.5078103,4
585,28.815933,1.9752606,-23.67407,9.552379,-22.136436,-0.86166614,4
586,28.674936,2.8740604,-22.847855,9.773648,-24.079554,2.137725,1
587,-23.127472,-27.76817,22.091028,31.4757,26.418636,-22.549377,3
588,-23.492987,-30.803791,25.063637,34.103916,28.344362,-25.572208,3
589,-8.025867,24.72932,4.435235,-26.745356,2.215331,24.984251,1
590,3.7068856,23.5956,-2.157704,-27.36627,-13.762883,21.626778,0
591,-12.457922,-12.776916,15.657432,17.182074,12.424083,-17.643759,3
592,32.392673,12.573834,-14.558643,8.706454,-23.114344,11.369924,5
593,30.52642,5.525318,-21.11927,12.330111,-28.53551,5.976404,4
594,39.938446,13.85243,-19.627726,22.832966,-34.266815,9.304079,4
595,-23.368364,-2.5872872,25.012363,2.320915,23.570953,-4.594407,2
596,30.570152,-3.6524289,-29.873507,12.592,-2.9091296,-12.617742,4
597,-3.4365027,11.546297,6.1756206,-10.24097,2.1560295,19.64632,1
598,-3.4363947,11.546257,6.1756372,-10.2409115,2.156041,19.646345,0
599,-12.180268,16.766766,11.338311,-16.158989,16.018091,24.897892,3
600,-12.180268,16.766771,11.338317,-16.159002,16.018091,24.897892,1
601,33.63437,9.664222,-15.830206,8.785056,-30.38329,9.227374,4
602,-14.067723,28.57384,9.588631,-27.191326,9.900573,32.214535,1
603,29.426508,12.639253,-16.22687,15.972805,-14.358616,4.285884,4
604,34.338898,1.7059995,-21.68002,8.999715,-17.730898,-0.49377617,4
605,-7.650439,17.597834,4.375845,-24.012686,7.7647314,23.615797,0
606,-0.7320043,3.209542,-27.749424,-7.646817,-5.173215,-3.5229523,5
607,6.6917315,5.5464196,7.288217,17.737782,12.740768,-7.219016,3
608,-37.97073,9.285877,38.232533,-13.253755,27.353462,7.5300198,2
609,-17.832996,5.0561013,23.877516,-9.034609,14.8780985,6.804438,2
610,-17.256395,5.2460346,24.186745,-9.843058,13.861805,7.4236345,2
611,21.447365,-24.183634,-48.780746,-11.396481,-23.52926,-22.539568,5
612,21.387342,-33.191135,-46.910862,-13.066585,-25.330652,-29.633236,5
613,13.999292,-3.4796157,-31.44175,-1.1645547,-13.493624,-1.622835,0
614,32.18128,0.9609444,-26.149885,11.500449,-26.513702,-0.34908548,4
615,16.925865,-11.34935,-32.750153,-1.5291406,-22.007244,-6.7770953,4
616,-12.539703,25.229445,10.344225,-20.221914,7.0622654,27.749445,1
617,1.849382,16.249477,0.59569734,-9.714816,2.3201523,13.317543,2
618,1.8493376,16.24953,0.59569734,-9.714816,2.3201523,13.317543,2
619,-18.94284,-9.476321,27.885752,22.80373,17.599274,-11.975379,3
620,-19.39229,-9.706114,26.29659,21.4317,17.334099,-11.4841,3
621,11.89044,8.220271,6.4035444,15.858487,2.4668877,2.6600447,3
622,22.623415,-32.53778,-48.60514,-9.356903,-28.07073,-31.806429,5
623,21.524832,-31.84813,-52.832825,-12.157631,-25.676716,-30.333422,5
624,12.121888,-22.65162,-39.627,-15.525863,-13.9489565,-19.288883,5
625,-19.89599,-9.5629225,11.3938875,5.5777764,18.317732,-10.623128,1
626,22.404076,-31.639559,-51.43446,-10.351109,-26.316101,-27.910728,5
627,23.33052,-20.309757,-34.59232,-13.875878,-26.063494,-18.941534,1
628,39.26702,15.418141,-17.682995,22.393112,-30.669447,12.288194,4
629,14.118431,7.4821715,5.399855,17.787853,-1.2978092,3.729483,3
630,-14.493727,21.140339,9.183872,-28.786669,11.844887,30.514244,1
631,24.80568,-27.58445,-50.360638,-8.313808,-26.874735,-27.1417,5
632,13.612968,-18.937555,-39.692825,-12.692698,-13.740238,-16.011524,5
633,34.72714,4.8949885,-24.515095,17.218199,-27.503166,-0.06190284,4
634,30.205917,3.5382104,-24.966402,11.433452,-23.372278,0.629648,4
635,30.333984,0.28003532,-26.260645,10.49559,-24.763487,-0.76053053,2
636,-22.887499,-20.010345,24.448061,25.5001,23.116518,-19.576092,3
637,11.824893,25.196445,-13.464947,-9.355183,-18.122295,27.96823,1
638,13.044847,21.716576,-11.892718,-9.852851,-16.986586,25.699585,0
639,13.520561,22.725542,-15.0047655,-10.552384,-18.065746,24.754026,0
640,13.76709,19.602543,-30.980555,-12.763215,-24.352684,16.283464,5
641,9.219269,7.285575,5.603623,14.452079,2.1773927,1.434827,3
642,-14.19572,21.4593,8.888037,-28.914177,11.520834,29.87286,1
643,-16.124111,-16.183472,18.348633,18.787508,22.952023,-5.077918,2
644,-2.7488284,28.73003,-0.92474264,-29.026138,-10.800994,22.579687,1
645,37.83149,11.4171095,-18.698181,16.035872,-33.314655,9.288739,4
646,-30.382341,14.991842,33.26613,-16.828857,26.593048,18.360851,1
647,31.26571,-4.6265926,-9.84651,14.300372,-8.8502035,-13.373363,4
648,-5.4011374,23.549095,1.4651775,-17.42128,2.964765,23.705956,1
649,-29.113445,8.375406,28.954432,-11.703506,19.802578,10.3049135,2
650,-25.163723,13.246011,23.370457,-16.321995,15.984705,17.255203,2
651,12.1038265,-4.076918,-30.623728,-2.8049717,-13.411652,-8.288783,5
652,-3.413395,16.298227,5.546568,-24.98623,6.7768655,20.65848,1
653,-27.134108,-2.0279424,25.427074,24.61719,22.99495,-3.1088312,2
654,6.7949734,21.384884,-4.7022614,-16.53285,-11.989714,29.293173,1
655,34.45917,6.8140197,-21.515316,16.574457,-30.17842,6.45096,4
656,22.363516,-29.741737,-47.795116,-9.34419,-27.436918,-30.318565,5
657,21.931553,-27.42257,-44.53497,-11.441246,-26.08877,-27.912813,5
658,-9.001253,28.193779,4.087885,-26.394976,7.1318793,30.464792,1
659,35.53454,11.936446,-17.915161,18.182283,-30.258764,7.0272455,4
660,8.081763,-15.998362,-30.588064,-7.000225,-13.008366,-9.936123,5
661,21.699259,-8.615182,-39.318905,0.3826374,-27.215853,-20.559351,5
662,-5.903368,14.576202,6.2640452,-14.381277,9.325042,19.37424,1
663,-5.2980056,15.029618,4.2546825,-12.374857,9.043828,19.541754,1
664,18.18901,-14.805541,-42.51379,-4.746489,-16.521812,-25.957348,5
665,24.036985,-23.672346,-39.802658,-9.781489,-28.199306,-21.598658,5
666,-20.362818,-25.59811,19.362831,24.463064,20.950504,-22.68738,3
667,-9.534104,14.041089,2.3249338,-23.8317,18.089697,-6.70546,1
668,-9.534104,14.041089,2.3248415,-23.831757,18.089697,-6.70546,0
669,-9.271831,13.810034,2.1375463,-23.527699,18.302057,-6.698216,0
670,-8.168154,15.112264,2.9304698,-24.44614,12.8181095,24.261208,1
671,8.481755,23.639313,-9.389189,-11.551964,-15.216217,28.368097,0
672,7.9737353,22.831448,-9.248528,-10.59346,-13.516335,27.35266,0
673,-31.658169,5.987872,34.28153,-12.932212,14.392036,7.1250544,2
674,-29.425238,12.092648,24.629519,-15.647054,25.16816,22.389416,0
675,21.752962,10.080931,-12.203005,4.590266,-4.762326,8.007954,4
676,-21.351625,-22.429531,22.328009,21.267433,24.08498,-22.895794,3
677,21.796583,-17.419363,-35.180626,-8.474846,-23.017109,-13.5589285,4
678,-0.93931615,19.295122,0.6151472,-18.626162,2.2001815,17.161448,3
679,-0.9392324,19.29524,0.6151518,-18.626123,2.2002187,17.16141,3
680,-18.987448,-12.830802,9.349871,4.967578,17.673834,-9.225177,1
681,9.786643,-14.937803,-34.738365,-4.819036,9.178206,-18.880514,2
682,-25.757252,0.21754266,24.462013,2.4133227,22.765232,-1.5853398,3
683,14.983439,21.023573,-29.846859,-13.737293,-19.207779,20.72951,5
684,8.20765,6.191312,5.5626307,11.81075,0.17454112,0.88338065,3
685,11.970474,-18.487709,-38.78441,-7.7687516,-14.216017,-10.773973,5
686,11.361329,-18.525871,-37.355778,-7.2938995,-13.528183,-10.496762,5
687,11.764784,-19.166855,-37.452072,-8.566086,-13.505015,-9.933064,5
688,17.760796,-21.84682,-38.968426,-13.232052,-22.11102,-20.50148,5
689,18.020674,-25.122944,-43.294178,-10.713242,-20.519444,-25.456059,5
690,-22.519545,-16.963991,22.2986,22.361212,22.524368,-10.032008,3
691,39.119583,14.112077,-18.414446,21.273426,-34.00651,10.909979,4
692,29.949268,7.599194,-17.835798,13.334802,-24.676416,2.5449252,4
693,15.923587,-19.987314,-42.282387,-11.3024645,-17.279985,-22.631132,5
694,30.00661,1.773881,-23.88367,11.654168,-21.873474,-0.63531244,4
695,-18.466831,0.8864768,20.593813,-4.877061,-8.877828,-6.5274787,2
696,-26.889572,6.41851,25.11734,-7.6132593,18.02118,6.8347254,2
697,-8.888005,-8.333888,-30.504375,-7.5380507,-10.341013,-8.363499,5
698,-20.87211,-11.350938,25.23983,17.731298,13.08016,13.732257,1
699,37.63321,12.283479,-19.20204,20.28476,-31.12393,6.3389835,4
700,31.743921,4.235985,-21.812523,13.825168,-25.478785,0.61679476,4
701,12.757772,-1.8118322,-8.799313,0.82211936,-8.879618,-0.3877537,4
702,8.852689,5.9722676,1.6860067,13.330794,2.481106,-3.6144385,3
703,-0.8003649,3.837909,10.236927,-7.230743,-1.8568943,-2.702805,1
704,12.647734,-15.658682,-38.330196,-3.8720686,-10.432825,-16.72576,5
705,-11.250371,-26.467392,11.128307,27.94108,20.631004,-17.251064,3
706,3.6476097,24.710352,-10.594403,-7.001167,-15.064374,20.9897,1
707,12.545955,7.288508,4.102005,18.264894,3.9740148,2.2085717,3
708,31.643904,10.428442,-17.727478,10.183168,-25.45808,7.765425,4
709,-18.728285,17.03958,17.082561,-17.897121,15.717557,19.029379,2
710,-10.049329,20.120754,6.8841395,-10.700663,12.790373,18.668922,2
711,39.020027,11.215687,-18.34675,16.6053,-35.984425,8.449754,4
712,-17.285753,4.0037513,25.91808,-9.451752,14.469529,6.4196973,2
713,-0.8888664,11.086597,1.2851467,-5.522807,16.006172,15.9907255,1
714,10.912422,-13.622434,-40.334095,-3.8000631,-10.599222,-14.891883,5
715,-17.030752,-0.7427772,21.66698,-2.0171897,-1.0165778,-18.438873,2
716,-19.170938,1.8751794,25.704071,-8.185908,16.857014,3.8428438,2
717,21.12577,-23.6901,-48.391403,-12.322929,-23.724632,-21.856335,5
718,-11.917241,-21.90354,11.1776085,21.26616,9.105853,-8.231806,5
719,-11.4231205,-27.504587,10.54354,27.104141,12.288609,-23.787346,3
720,-10.287536,-26.906525,11.659607,27.520657,12.915424,-23.947826,3
721,38.065964,0.15765819,-31.339354,6.851528,-30.718609,-0.23735835,4
722,-0.99264985,10.132498,4.074745,-11.211572,1.2247934,16.680006,1
723,2.8267577,10.655947,1.7360175,-14.14275,0.14121784,17.99582,1
724,0.7222106,4.9088693,5.860182,2.598758,-2.632166,-0.94053084,2
725,13.41032,-14.719569,-42.28929,-3.0979202,-10.829066,-17.238997,5
726,-21.107096,-29.35533,21.511614,36.08388,18.985312,-23.515036,3
727,40.11192,13.369796,-20.03503,22.660563,-33.839756,8.7081585,4
728,31.865839,15.778537,-15.077047,20.600092,-27.051834,11.85771,4
729,28.706387,15.054558,-17.992853,6.757028,-24.45822,13.481058,4
730,37.12363,-1.429319,-33.74868,2.8700864,-23.725119,-4.866118,5
731,18.23502,-4.41217,-31.608244,0.9461864,-21.123983,-7.8019433,5
732,26.453732,11.763326,-15.416533,6.937805,-25.152779,12.248949,1
733,14.193629,-3.5872629,-25.389704,6.5830636,-10.46809,-0.2938521,5
734,15.889183,-18.960453,-37.086315,-10.128374,-16.923704,-11.644152,5
735,-22.89678,-12.080463,28.080454,1.1762614,23.313566,-9.435239,1
736,1.4200512,12.425593,2.8545687,-3.6456075,10.598083,7.5451927,5
737,-17.642035,7.8326063,17.68164,1.774432,22.454525,16.363476,5
738,3.2060242,20.86916,-0.559859,-18.764263,-2.814244,21.41315,1
739,3.2063642,20.868395,-0.57514507,-18.554626,-2.8157973,21.402184,1
740,3.2063642,20.868395,-0.57514507,-18.554626,-2.8161304,21.398922,1
741,31.062607,-4.9647617,-9.563177,14.216122,-1.6270269,-12.205901,4
742,13.620755,-2.4359303,1.2702883,4.1904545,-2.306463,-11.2965355,2
743,-23.269773,-21.15357,18.019354,20.035597,24.40243,-6.237251,3
744,14.194876,-12.900476,-37.46111,-3.0824673,-11.5157585,-14.5305,5
745,15.583321,-11.063304,-34.307106,-0.9133602,-14.138262,-11.907087,4
746,-6.7493176,27.830956,4.1209307,-27.257936,4.122336,29.578497,1
747,-7.9432817,23.034773,2.830503,-17.674852,3.5913522,26.274134,1
748,24.762268,-13.630797,-47.388184,-3.0657558,-28.98271,-22.351057,4
749,16.27211,-23.102636,-42.43523,-7.227581,-18.672821,-24.180332,5
750,-18.896252,-0.15889229,23.945583,-4.4521575,21.048456,4.8169966,2
751,16.079245,7.0920243,-0.74651176,15.769587,9.645551,-5.509517,3
752,-12.227371,27.064072,6.631361,-22.662031,10.637924,29.226046,1
753,-31.046177,5.282874,30.043272,-8.735782,24.173632,6.561771,2
754,-24.34102,13.980961,24.508469,-15.178562,18.671404,15.787446,1
755,31.623215,-4.7436266,-29.678898,13.416811,-2.9887087,-11.827312,4
756,24.7023,11.261678,-15.330347,4.8367934,-19.825985,11.20105,1
757,17.224232,15.233871,-8.00279,-3.579264,-20.749334,12.775448,4
758,-13.056003,26.299202,8.245208,-23.49332,9.011865,27.471394,1
759,-8.03721,25.840916,9.881662,-23.612284,2.7436495,24.660505,1
760,-13.470046,30.311289,7.0952997,-28.973024,8.898485,32.114353,1
761,-7.0693216,24.010775,1.7366252,-16.523363,4.6145325,25.772253,0
762,7.0270886,-4.8221807,6.642244,2.2965567,-2.4303482,-2.8551507,0
763,0.7891714,8.566417,2.274824,-7.1606145,9.579426,15.154949,1
764,22.621542,-27.488995,-49.279327,-10.441572,-21.644041,-21.663193,5
765,-10.14758,-20.757206,10.041769,19.103672,1.9849298,-3.470466,0
766,-27.962961,2.0290306,28.836033,-3.1059072,24.954733,2.6896505,2
767,9.771229,22.938696,-10.482679,-9.393289,-16.607086,27.628706,1
768,3.6585822,6.120751,8.158265,-13.445838,4.682975,-3.4222894,1
769,4.271795,10.73616,-7.9672046,-0.2712335,-10.718982,0.8997481,5
770,5.086779,15.807444,-2.6160994,-11.790521,1.9053539,8.153442,1
771,3.4488716,13.82542,2.1117773,-9.490903,1.2452065,9.351131,1
772,9.997353,-4.84217,2.533327,4.210105,-5.810939,0.08984855,3
773,-21.92126,1.2810471,23.817858,0.12319686,13.75683,3.3025875,2
774,-8.492811,-27.424599,12.090443,31.632805,13.906948,-24.556091,3
775,-8.2603245,-26.002895,11.386392,29.608202,13.5632105,-23.444143,3
776,-12.3877945,30.20286,6.7404776,-28.916649,7.662729,32.85604,1
777,-13.928304,28.390808,8.9210205,-27.631994,10.784882,31.58205,1
778,-26.96376,19.951656,31.055195,-18.102047,23.75133,21.766699,2
779,32.42383,4.4921,-21.954884,13.367518,-24.336203,0.5009055,3
780,5.969541,20.39865,-3.5291297,-16.67511,1.2577934,27.179888,2
781,-18.809315,-13.968045,14.792824,25.812672,12.57859,-11.935265,3
782,-14.542625,-2.900659,-38.16305,-18.291567,-3.3661778,-19.96511,5
783,-14.614619,-2.7113307,-38.191338,-18.25622,-3.3788278,-20.015192,5
784,-11.717106,-11.782667,21.275148,0.9701735,-5.223243,-14.379703,5
785,12.158531,-19.160236,-37.686153,-8.081798,-20.746866,-16.778875,5
786,14.816933,-22.980337,-43.991016,-12.392823,-18.664116,-20.737833,5
787,24.115082,-24.725214,-50.753654,-13.820314,-23.926113,-24.100437,5
788,20.34814,-31.895855,-53.694653,-14.025666,-24.734222,-29.323505,5
789,23.536228,-28.6608,-49.365215,-11.913833,-25.219128,-26.738031,5
790,19.554209,-29.33603,-48.514698,-13.5617695,-21.594007,-25.851942,5
791,-28.914701,-23.538057,28.809303,23.894453,31.95113,-26.375677,3
792,6.51793,3.1386254,8.439899,23.062443,5.924201,-4.0746555,3
793,21.956245,-31.680618,-53.409283,-11.373156,-25.732983,-28.942184,5
794,-35.381474,9.955764,34.511402,-14.212204,31.6616,8.621783,2
795,-31.938549,1.9544876,28.658167,-7.8306565,-0.6744714,-18.300024,2
796,-32.022423,0.6350354,31.754316,-9.069065,-0.6597186,-19.094141,3
797,32.965286,-0.76530653,-26.182611,15.529156,-22.14542,-2.750625,4
798,32.965298,-0.764971,-26.182566,15.529182,-22.14532,-2.75074,4
799,30.84858,-1.548461,-26.719746,12.426528,-20.751123,-2.5585968,4
800,27.812325,14.822455,-18.792591,5.4612026,-25.707005,13.780075,4
801,13.193529,8.369005,3.605783,14.515484,-4.4409394,-0.66155314,0
802,-11.369372,-22.668013,6.558274,21.145788,10.541754,-5.6209016,3
803,16.03133,-14.868018,-0.9784098,1.819238,-21.826683,-4.558108,0
804,-7.40942,-12.305455,11.3415985,15.045762,-4.161181,-14.126551,3
805,23.658873,-11.3899765,-49.26766,-3.0200799,-27.343473,-17.329334,4
806,0.020778092,25.091887,-4.1055484,-26.94805,-17.116777,23.295303,1
807,0.020632675,25.091915,-4.1055555,-26.947964,-17.116123,23.295214,1
808,-25.66648,-28.146856,26.169672,32.852577,26.159132,-24.536203,3
809,-23.614698,-4.0612497,21.691872,4.23975,22.604734,-4.010361,3
810,29.904455,5.727557,-23.185026,6.6608744,-32.361443,8.437753,0
811,36.71771,7.240769,-24.13037,16.121954,-34.703453,10.039906,4
812,21.793953,-21.00435,-33.569016,-14.671615,-24.37804,-20.086927,5
813,14.003039,26.118649,-14.3241005,-7.0664816,-28.884882,14.489483,0
814,25.143606,15.358737,-14.796765,1.4618633,-27.389023,14.464593,0
815,-35.564896,3.9527807,36.016922,-9.648261,32.253834,6.69582,0
816,-28.085333,0.030223822,31.257528,-4.3908463,32.1214,6.832116,2
817,1.5688571,12.059712,1.477056,-6.1289515,-0.87535423,10.517857,1
818,-23.576565,-26.737965,22.773476,24.553019,26.940218,-23.20113,3
819,21.550406,-8.502559,-32.309998,3.3302152,-26.537718,-14.554305,4
820,-14.297493,2.9864237,20.653658,-7.9418354,11.527311,8.093198,5
821,3.8418827,9.259491,-0.34018135,-2.9429903,-5.2801986,8.891944,2
822,-0.4469921,8.860598,3.573022,-5.9702616,6.4039974,10.426583,1
823,-5.5596747,-11.4886465,0.55692226,3.3183305,7.765749,-13.521091,1
824,-24.744873,-32.93186,25.797361,35.669067,30.57189,-30.01966,3
825,-24.252611,-28.567173,23.359629,30.889727,29.48988,-27.014488,3
826,36.511024,13.1396055,-18.636246,20.003328,-15.295694,2.8628006,4
827,37.241688,13.443245,-19.808664,20.973822,-17.352348,1.1737642,4
828,31.612587,7.7143807,-20.131002,14.3141365,-15.434812,1.0673625,4
829,-18.38051,0.5084642,19.946077,-4.8499637,17.25875,5.8828177,2
830,-16.59392,1.1537325,19.681112,-5.9805775,-8.892544,-6.541443,2
831,-4.978159,11.935892,5.7700143,-18.157778,9.95473,22.035011,1
832,21.641315,-25.102417,-50.872658,-12.143862,-25.267452,-23.38556,5
833,28.844189,-3.8431854,-28.138203,11.56163,-19.281815,-3.5129397,4
834,20.200293,10.518553,-12.297993,4.4559507,-8.68907,3.8388815,0
835,15.648022,-22.078146,-39.253193,-6.4734764,-18.346802,-22.553772,5
836,24.447453,-32.834232,-54.424282,-10.752844,-28.490776,-30.922394,5
837,-10.121709,-25.262135,8.390406,15.470837,15.368977,-23.239527,4
838,-23.932362,-3.261251,32.78485,-7.5197554,23.318047,-2.8422737,3
839,11.51964,-2.7800927,-7.968544,0.6786056,-4.840603,-1.9531475,4
840,-5.7914643,-11.452703,0.82561755,3.792874,-12.601794,-8.547545,5
841,5.3974056,13.750393,-8.608845,-9.522248,-14.870658,26.040783,0
842,-22.179436,-26.245184,19.442514,29.760128,24.901793,-23.337923,3
843,8.89049,25.670826,-8.022028,-13.608115,-16.187819,30.384928,0
844,-23.138527,-15.894925,25.061298,15.909993,23.191715,-10.409622,3
845,36.853115,10.675401,-19.224781,17.183582,-33.02526,7.408187,4
846,36.853115,10.675401,-19.224783,17.183569,-33.02526,7.408187,4
847,-10.165785,-13.790924,13.140179,17.574594,9.362019,-15.274316,3
848,-11.633084,-14.01099,14.0407715,17.466103,11.190423,-18.049997,3
849,-24.715929,-23.001236,21.462585,30.761473,25.653801,-20.760248,3
850,-18.633516,-16.166729,20.196554,22.649227,21.280272,-12.852459,3
851,-24.514896,-23.067162,21.37449,30.696943,25.360428,-20.744514,3
852,-24.93164,-30.737314,24.820206,35.220158,27.961256,-26.38386,3
853,-24.489145,-24.426497,22.232086,30.615067,27.141554,-22.86935,3
854,14.278361,-21.57244,-41.37386,-12.734245,-17.4941,-18.443604,5
855,-23.339018,-26.538443,24.05778,28.84011,27.37991,-22.21257,2
856,10.765184,22.037378,-10.926497,-10.49186,-7.3225727,15.863634,0
857,10.367742,21.412607,-10.31935,-10.17476,-7.139275,15.826129,0
858,-6.933696,16.632835,-1.1606054,-20.907927,11.833976,23.626396,1
859,-6.933641,16.632818,-1.16051,-20.908068,11.833976,23.626396,0
860,-29.875513,-12.141968,30.96488,6.154277,29.460505,-12.905892,0
861,-29.875523,-12.142082,30.96488,6.154277,29.460503,-12.905892,0
862,-15.56222,-16.841597,16.838387,20.848671,9.947503,-17.88563,3
863,2.1091037,19.823895,-5.0751004,-5.2314353,11.01006,21.589403,1
864,14.219627,-23.421347,-44.30415,-8.924032,-19.834469,-20.884892,5
865,-27.602549,-23.970318,27.7283,21.882631,26.684156,-15.465996,3
866,-27.151863,2.0385144,28.45278,-2.0450912,24.661457,1.6257064,2
867,-13.877164,-17.257366,16.317638,22.13321,15.025677,-20.3886,3
868,23.239616,-26.75075,-50.255814,-9.522239,-24.707481,-19.160334,5
869,-12.375869,-15.920294,13.4207,18.357346,15.050762,-19.21773,3
870,-16.661512,-30.288805,19.497194,32.426758,25.65068,-27.652,3
871,-5.3997035,-16.413652,12.041218,16.713894,-6.828378,-4.4609275,3
872,3.6258397,10.309184,-0.81455314,-3.720476,0.74343556,20.01966,1
873,25.803513,-24.094713,-49.580467,-16.023746,-29.88962,-27.97127,5
874,20.643133,-19.558718,-32.006298,-13.019107,-21.771893,-18.592117,5
875,19.791359,-19.095348,-31.74206,-13.573157,-19.74136,-18.0423,5
876,20.32854,-19.265059,-31.372715,-13.550147,-20.496233,-17.91789,5
877,21.012756,-20.535826,-30.990095,-13.975134,-23.087746,-20.536469,1
878,-2.310095,9.892362,18.717718,-7.134715,11.88872,4.8494234,2
879,-5.607535,13.657377,1.5236495,-21.33508,7.0573735,19.750355,1
880,11.391228,-13.782643,-40.418785,-3.9229364,-11.152307,-11.156927,4
881,11.809038,-13.743861,-40.129463,-4.4003043,-11.805819,-10.839191,5
882,30.837427,-3.5585728,-29.134888,13.347255,-9.778289,-13.94866,4
883,-13.528297,-25.001993,13.074692,26.969456,19.012413,-16.715128,3
884,-14.077568,-25.46533,13.37118,27.343592,18.726694,-16.423952,3
885,20.867123,-32.371223,-53.81969,-12.479468,-24.030188,-30.471617,5
886,12.851151,-21.266447,-41.718082,-9.49074,-18.759815,-21.344866,5
887,26.16347,11.067866,-14.811839,6.651538,-20.888746,8.97297,1
888,31.70526,-0.8938743,-25.814812,14.258595,-21.817715,-1.8636559,4
889,-4.9303937,11.972422,7.5751424,-13.544351,14.997726,18.186852,2
890,21.635386,-18.508322,-33.08496,-12.952344,-23.638178,-19.853003,5
891,30.692125,10.345912,-17.759417,10.482521,-25.698294,9.424108,4
892,-8.9432535,22.955275,2.795314,-16.186073,2.461255,26.02246,1
893,30.951468,11.403505,-14.866043,15.063117,-13.872626,2.9436033,4
894,26.865881,2.8775094,-23.186981,7.989275,-13.424759,1.1035827,4
895,30.107407,0.7461406,-25.53469,10.379351,-18.910572,-1.4341632,4
896,29.28878,4.1261888,-22.044014,10.457451,-21.155043,0.9333017,4
897,23.092243,-32.923637,-48.960533,-9.083358,-28.973896,-32.17985,5
898,17.382479,-19.727318,-36.3055,-10.509123,-19.676657,-19.466438,5
899,23.893724,-11.9577265,-49.036453,-3.6681201,-28.571547,-18.277327,4
900,-18.521519,-17.055784,20.35428,21.581425,14.723488,-14.5373745,3
901,32.80126,8.995458,-18.800488,6.5647798,-28.18907,7.88971,4
902,-21.340946,-20.917377,18.22762,27.261494,14.1122465,-17.637503,3
903,15.116496,-14.795847,-40.85081,-6.310287,-13.043101,-15.159079,5
904,-20.629293,-26.447088,16.987938,26.372375,21.290922,-19.87372,3
905,-20.903059,-14.8741455,22.439623,17.825949,21.428694,-15.743503,3
906,1.0656695,15.522766,0.9368866,-10.917497,1.2487658,12.908319,1
907,-14.687308,17.31394,6.313862,-20.158974,10.946338,25.889437,1
908,-13.598213,20.208553,7.0607843,-21.902641,11.871688,29.48534,0
909,37.732647,2.2970016,-31.76676,6.2611265,-29.348059,0.017360402,4
910,37.498993,1.235957,-32.05308,5.6990495,-25.761568,-6.598907,4
911,-24.276375,-0.86741805,23.950949,1.5476321,21.455574,-1.766825,3
912,2.1712067,12.515273,1.0544786,-7.638637,0.36944407,10.3995075,1
913,1.3924071,13.288267,1.1645944,-8.20106,0.6957128,11.150283,1
914,1.8853693,13.898262,0.46473628,-8.67026,1.0169839,11.97144,1
915,-11.225216,29.850256,10.414123,-24.691015,6.60991,33.05443,1
916,-20.094357,-19.597307,22.43539,28.258905,10.777554,-14.4999075,3
917,9.923606,-16.356821,-37.511024,-6.0584774,-11.620225,-11.93657,3
918,-20.347069,-23.518429,18.979874,26.048714,22.355148,-23.260077,3
919,21.3132,12.521455,-10.905413,-0.7198185,-23.904211,9.78702,4
920,-27.799698,-23.860441,27.568722,21.857342,26.675253,-15.431255,3
921,6.8281794,4.969674,4.6173863,12.074868,4.645071,-4.8677216,1
922,21.180086,-7.968899,-31.877016,3.2189548,-26.385763,-14.064237,4
923,16.953884,17.2579,-14.277692,-1.1997778,-19.461374,13.212681,1
924,-10.645475,25.622763,7.5626554,-24.302794,7.2010818,27.26636,1
925,-8.278416,-15.182145,21.443508,16.527372,2.4932377,-4.705323,3
926,13.349811,-20.37454,-39.386883,-12.188436,-17.077074,-17.521051,5
927,21.538694,-28.996626,-52.37964,-10.900808,-23.47755,-26.747587,5
928,23.847229,-30.019365,-51.285213,-9.69389,-28.399364,-29.151306,5
929,33.57594,14.983185,-16.863665,21.046412,-26.562815,12.754928,4
930,32.364723,14.669024,-16.279087,20.591589,-25.839178,12.523174,4
931,-12.603623,20.832998,7.4604163,-19.786175,11.482262,28.502796,1
932,-35.23267,3.0711472,33.399563,-5.745982,27.896513,-2.923234,3
933,-31.930063,12.100783,29.596308,-15.722548,24.509525,17.741488,1
934,35.715195,10.045618,-17.510006,15.983294,-31.34313,8.012029,4
935,-26.999733,-29.595604,26.454823,31.622072,29.295397,-24.621592,3
936,-26.557072,-18.730064,27.533401,19.93408,27.32877,-11.758061,3
937,-9.442716,-26.92934,17.501467,34.90922,16.173376,-24.225752,3
938,14.918662,21.54629,-16.109003,-10.813049,-14.9144,24.797274,1
939,-18.748316,-8.438025,8.968748,6.384983,14.10685,21.814875,2
940,-16.450743,2.472265,24.007002,-8.450098,13.644275,6.438263,2
941,11.928369,19.42789,-13.81956,-1.1725683,-18.289614,16.783476,5
942,27.15527,14.278211,-18.23214,5.846593,-21.89207,14.53941,3
943,-23.717386,1.0433019,25.239624,0.3648601,24.531727,1.785685,2
944,-14.597278,-2.820167,-38.23147,-18.262589,-3.1372566,-20.19088,5
945,-11.372273,28.53444,5.888944,-24.836794,8.042045,32.355614,1
946,-10.83228,-22.241194,7.994881,21.685696,9.465766,-7.622531,3
947,-9.712659,-22.153368,8.265177,20.79218,8.944242,-7.835143,3
948,16.66659,-19.228498,-36.80587,-9.791791,-23.167467,-16.496449,5
949,19.089506,-27.81781,-51.815205,-11.61063,-21.995647,-26.569017,5
950,36.6766,14.612293,-15.622801,17.989952,-32.512756,10.253562,4
951,2.0869184,28.868153,-13.338022,-5.2929406,-13.194891,17.722424,0
952,-20.21225,-12.239746,10.55059,4.1537704,16.120022,-9.879909,3
953,23.442448,-26.96795,-49.585896,-8.9997225,-26.47559,-25.517527,5
954,24.16787,-26.245838,-34.173725,-14.238768,-29.610647,-22.961748,5
955,12.593791,-13.928927,-38.61603,-5.873234,-12.811451,-14.4663725,5
956,-0.20524432,25.825207,-1.2233732,-28.231684,-10.858273,24.217995,1
957,0.13135718,-9.059042,-29.970335,-5.6606245,-8.940824,-10.032854,2
958,-31.264126,12.18837,28.448574,-15.602791,24.172493,17.368626,2
959,17.045311,8.941413,-0.68776435,14.128293,-1.9471463,2.0234966,4
960,-5.0674586,14.554104,1.5760999,-20.421764,7.848423,20.301197,1
961,28.599318,0.18194135,-25.440954,9.0067215,-21.55426,-0.9208562,4
962,23.84166,-33.580677,-53.50906,-8.381269,-28.554457,-32.53033,5
963,19.485306,-30.925531,-52.41022,-14.4629755,-25.185055,-28.375029,5
964,17.901386,-27.944155,-41.34136,-10.750019,-20.956476,-26.29408,5
965,28.168669,12.261119,-15.541126,12.370186,-10.546521,3.6188836,4
966,6.728108,-15.113404,0.8121068,3.0887823,-6.0574384,-14.992767,5
967,13.546985,-3.6862125,-25.11759,7.822453,-14.354896,-2.2624342,2
968,1.2032621,18.203594,0.0012854205,-11.438805,-16.108944,20.147451,1
969,16.344095,-21.33931,-43.420696,-11.770903,-19.759136,-24.82371,5
970,34.789913,3.9914315,-24.725513,17.339376,-28.110706,0.2239172,4
971,32.14672,-4.0182033,-29.77461,14.501813,-27.27356,-4.1170816,4
972,30.039112,12.958577,-15.528582,16.737331,-14.254221,4.8956337,0
973,9.523967,-5.112727,2.3526676,3.8671508,-4.9264164,-0.05743438,3
974,15.103407,-6.667443,-31.567776,-12.413794,-9.082124,8.500599,5
975,30.325329,-2.7081287,-29.479843,12.700154,-8.879094,-14.050727,4
976,-20.605358,8.068508,30.292759,-3.264291,13.61292,18.673061,1
977,-12.795584,-23.97197,12.388668,28.637129,21.403442,-14.3688345,3
978,-12.795464,-23.972086,12.38872,28.637096,21.403547,-14.368774,3
979,22.677925,-30.61715,-45.37108,-8.658028,-27.80367,-30.940723,5
980,-4.5281334,26.974287,-0.9703668,-27.56354,-9.487558,23.259506,4
981,-14.008584,-12.315531,21.780394,3.425267,6.495045,-14.886432,2
982,8.160462,25.530535,-7.5952916,-13.124679,-15.487273,30.064793,1
983,10.984507,25.93963,-12.993198,-9.178828,-17.265549,30.766113,0
984,-7.375884,25.104822,3.0494246,-18.75092,4.165118,24.905272,1
985,-10.686364,-21.383041,6.925743,21.858843,18.650301,-13.338029,3
986,-15.3105,-1.0220654,-37.96295,-19.10904,-1.8514622,-19.379938,2
987,19.808455,15.849157,-11.3623085,-2.6325722,-18.160198,13.362431,4
988,-16.429892,-15.285772,19.080858,20.392002,14.138454,-3.0915792,3
989,-29.552181,1.1637515,31.483631,-5.8464627,29.176413,5.512533,2
990,31.163897,4.031543,-21.382782,12.437356,-25.308699,1.2011212,4
991,28.417362,4.4057307,-21.65629,10.2463875,-24.515913,2.94397,4
992,-8.371718,20.83075,8.516262,-23.951101,2.5399172,20.567425,1
993,-8.371971,20.830809,8.517602,-23.951195,2.5399172,20.567425,1
994,1.7179846,6.44566,8.0843935,3.9403162,-8.500472,-0.34358802,0
995,-28.466778,15.015725,37.173847,-6.9192533,18.418709,19.662422,3
996,-28.466766,15.0157175,37.173847,-6.9192533,18.418644,19.662394,3
997,-24.766615,-18.259716,25.244705,14.76393,24.014372,-13.490359,3
998,-12.901677,22.570686,7.3808775,-18.936165,3.373295,27.552212,1
999,23.638636,-27.615824,-34.003986,-14.36477,-28.214323,-26.528133,5
